"gene","CTR:provisioned_egg","TBT:provisioned_egg","cluster","condition","control","estimate"
"116915308",-1.04415029565371,1.32492945986477,"1","TBT:provisioned_egg","CTR:provisioned_egg",2.20570079602529
"116915389",-2.27160573869671,0.979852441330166,"1","TBT:provisioned_egg","CTR:provisioned_egg",2.20570079602529
"116915401",-2.25813021966469,1.06441854769508,"1","TBT:provisioned_egg","CTR:provisioned_egg",2.20570079602529
"116915413",-0.146990704296709,1.71375909478306,"1","TBT:provisioned_egg","CTR:provisioned_egg",2.20570079602529
"116915417",-1.75234024750949,1.09518808648867,"1","TBT:provisioned_egg","CTR:provisioned_egg",2.20570079602529
"116915426",-2.35706031360951,1.00268977020436,"1","TBT:provisioned_egg","CTR:provisioned_egg",2.20570079602529
"116915442",-1.81322303720125,1.31117156233348,"1","TBT:provisioned_egg","CTR:provisioned_egg",2.20570079602529
"116915450",-1.57806388456557,0.831001430544426,"1","TBT:provisioned_egg","CTR:provisioned_egg",2.20570079602529
"116915452",-1.94652679579046,0.973604269125201,"1","TBT:provisioned_egg","CTR:provisioned_egg",2.20570079602529
"116915464",-2.13347796513574,1.04748457994423,"1","TBT:provisioned_egg","CTR:provisioned_egg",2.20570079602529
"116915497",-1.71658887403412,0.546305741471907,"1","TBT:provisioned_egg","CTR:provisioned_egg",2.20570079602529
"116915534",-2.0952813808163,1.14867923387545,"1","TBT:provisioned_egg","CTR:provisioned_egg",2.20570079602529
"116915536",-1.97905777158911,1.11617871910332,"1","TBT:provisioned_egg","CTR:provisioned_egg",2.20570079602529
"116915537",-2.22520917184316,1.03895349533246,"1","TBT:provisioned_egg","CTR:provisioned_egg",2.20570079602529
"116915538",-1.5806080260044,1.21015802210512,"1","TBT:provisioned_egg","CTR:provisioned_egg",2.20570079602529
"116915561",-2.16282401507101,1.01244867799489,"1","TBT:provisioned_egg","CTR:provisioned_egg",2.20570079602529
"116915566",-2.16590439850119,0.53130560335437,"1","TBT:provisioned_egg","CTR:provisioned_egg",2.20570079602529
"116915582",-2.07838407137178,0.109232087353419,"1","TBT:provisioned_egg","CTR:provisioned_egg",2.20570079602529
"116915649",-1.54807099552122,0.937040043115301,"1","TBT:provisioned_egg","CTR:provisioned_egg",2.20570079602529
"116915666",-1.890491505972,1.00711595529598,"1","TBT:provisioned_egg","CTR:provisioned_egg",2.20570079602529
"116915686",-1.33347148567113,0.927610055348835,"1","TBT:provisioned_egg","CTR:provisioned_egg",2.20570079602529
"116915688",-0.711630837445133,1.19362158284944,"1","TBT:provisioned_egg","CTR:provisioned_egg",2.20570079602529
"116915689",-1.29116994952165,1.09214096724315,"1","TBT:provisioned_egg","CTR:provisioned_egg",2.20570079602529
"116915754",-2.03656530692893,1.25349128257062,"1","TBT:provisioned_egg","CTR:provisioned_egg",2.20570079602529
"116915858",-0.933384025072752,-0.0761438647237352,"1","TBT:provisioned_egg","CTR:provisioned_egg",2.20570079602529
"116915861",-0.86439690818633,0.619402904020582,"1","TBT:provisioned_egg","CTR:provisioned_egg",2.20570079602529
"116915862",-1.19451641313454,1.17211649287523,"1","TBT:provisioned_egg","CTR:provisioned_egg",2.20570079602529
"116915922",-0.184556002673855,1.47690607693274,"1","TBT:provisioned_egg","CTR:provisioned_egg",2.20570079602529
"116915940",0.0532512426515505,1.0070789476827,"1","TBT:provisioned_egg","CTR:provisioned_egg",2.20570079602529
"116915949",-2.18882213920299,1.21606783630203,"1","TBT:provisioned_egg","CTR:provisioned_egg",2.20570079602529
"116916001",-2.07065880596319,0.513854777682148,"1","TBT:provisioned_egg","CTR:provisioned_egg",2.20570079602529
"116916036",-1.97610550536721,0.85550995925259,"1","TBT:provisioned_egg","CTR:provisioned_egg",2.20570079602529
"116916127",-2.00100759994374,0.769916857312649,"1","TBT:provisioned_egg","CTR:provisioned_egg",2.20570079602529
"116916224",-0.278237287422108,1.28055355703787,"1","TBT:provisioned_egg","CTR:provisioned_egg",2.20570079602529
"116916283",-0.145890470980124,1.15037369327379,"1","TBT:provisioned_egg","CTR:provisioned_egg",2.20570079602529
"116916351",-1.42824590991818,1.58421464588015,"1","TBT:provisioned_egg","CTR:provisioned_egg",2.20570079602529
"116916355",-0.977233191447719,0.548778312051345,"1","TBT:provisioned_egg","CTR:provisioned_egg",2.20570079602529
"116916476",-1.79747497935473,1.15090543648796,"1","TBT:provisioned_egg","CTR:provisioned_egg",2.20570079602529
"116916479",-2.04176818189912,1.17177876012732,"1","TBT:provisioned_egg","CTR:provisioned_egg",2.20570079602529
"116916521",-1.3025051053102,1.39461618120264,"1","TBT:provisioned_egg","CTR:provisioned_egg",2.20570079602529
"116916526",-1.06848829528941,1.07828133583387,"1","TBT:provisioned_egg","CTR:provisioned_egg",2.20570079602529
"116916527",-1.70844866965562,0.368461790325792,"1","TBT:provisioned_egg","CTR:provisioned_egg",2.20570079602529
"116916606",-0.961008787916039,0.666087091661011,"1","TBT:provisioned_egg","CTR:provisioned_egg",2.20570079602529
"116916722",-0.764003680846921,-0.542293606337154,"1","TBT:provisioned_egg","CTR:provisioned_egg",2.20570079602529
"116916741",-0.810102562637575,1.29431405473443,"1","TBT:provisioned_egg","CTR:provisioned_egg",2.20570079602529
"116916794",-1.67348330421336,1.12413926321918,"1","TBT:provisioned_egg","CTR:provisioned_egg",2.20570079602529
"116917056",-1.04094121572134,0.953198078480182,"1","TBT:provisioned_egg","CTR:provisioned_egg",2.20570079602529
"116917256",-1.33850610725287,1.24737147160026,"1","TBT:provisioned_egg","CTR:provisioned_egg",2.20570079602529
"116917283",-1.97330135974086,0.070136515770906,"1","TBT:provisioned_egg","CTR:provisioned_egg",2.20570079602529
"116917316",-0.706460378100646,1.26165474359035,"1","TBT:provisioned_egg","CTR:provisioned_egg",2.20570079602529
"116917374",-0.143472972581017,1.65795729023985,"1","TBT:provisioned_egg","CTR:provisioned_egg",2.20570079602529
"116917384",-1.2786675040442,1.09694649310255,"1","TBT:provisioned_egg","CTR:provisioned_egg",2.20570079602529
"116917448",-1.77341241619242,1.11891198840652,"1","TBT:provisioned_egg","CTR:provisioned_egg",2.20570079602529
"116917503",-1.38192388107509,1.20752041847763,"1","TBT:provisioned_egg","CTR:provisioned_egg",2.20570079602529
"116917561",-1.13559386452112,1.35881134201221,"1","TBT:provisioned_egg","CTR:provisioned_egg",2.20570079602529
"116917562",-0.180840396436229,1.36860526042932,"1","TBT:provisioned_egg","CTR:provisioned_egg",2.20570079602529
"116917572",-1.30202558748452,0.943464901406947,"1","TBT:provisioned_egg","CTR:provisioned_egg",2.20570079602529
"116917596",-1.16448517008793,1.78106267118269,"1","TBT:provisioned_egg","CTR:provisioned_egg",2.20570079602529
"116917635",-0.730269855788048,1.55757795363412,"1","TBT:provisioned_egg","CTR:provisioned_egg",2.20570079602529
"116917649",-0.743859784175977,1.29258006799415,"1","TBT:provisioned_egg","CTR:provisioned_egg",2.20570079602529
"116917808",-1.07903794925567,1.14690547885315,"1","TBT:provisioned_egg","CTR:provisioned_egg",2.20570079602529
"116917843",-1.47869444263151,0.167118594402598,"1","TBT:provisioned_egg","CTR:provisioned_egg",2.20570079602529
"116917869",-1.95246056091331,1.09420287252072,"1","TBT:provisioned_egg","CTR:provisioned_egg",2.20570079602529
"116917920",-1.26170626334322,0.751310958385153,"1","TBT:provisioned_egg","CTR:provisioned_egg",2.20570079602529
"116917931",-0.598463669509153,1.44035856037243,"1","TBT:provisioned_egg","CTR:provisioned_egg",2.20570079602529
"116918008",-1.78989465923652,0.662426460120429,"1","TBT:provisioned_egg","CTR:provisioned_egg",2.20570079602529
"116918009",-1.58082848000617,1.39833429472125,"1","TBT:provisioned_egg","CTR:provisioned_egg",2.20570079602529
"116918010",-1.4315612062674,1.2771294666513,"1","TBT:provisioned_egg","CTR:provisioned_egg",2.20570079602529
"116918039",-0.918426608647611,1.3527642066922,"1","TBT:provisioned_egg","CTR:provisioned_egg",2.20570079602529
"116918147",-1.3006240270117,1.50136101901884,"1","TBT:provisioned_egg","CTR:provisioned_egg",2.20570079602529
"116918165",0.0878867576525217,1.38886729648043,"1","TBT:provisioned_egg","CTR:provisioned_egg",2.20570079602529
"116918220",-0.712005078916447,0.423565069716127,"1","TBT:provisioned_egg","CTR:provisioned_egg",2.20570079602529
"116918368",-1.43204006292242,1.11835489127553,"1","TBT:provisioned_egg","CTR:provisioned_egg",2.20570079602529
"116918481",-1.70406857677516,1.05300852936539,"1","TBT:provisioned_egg","CTR:provisioned_egg",2.20570079602529
"116918523",-1.34629325934176,1.47284730909837,"1","TBT:provisioned_egg","CTR:provisioned_egg",2.20570079602529
"116918524",-1.54663404065404,1.00966642663034,"1","TBT:provisioned_egg","CTR:provisioned_egg",2.20570079602529
"116918702",-1.3627288466733,0.653067606311306,"1","TBT:provisioned_egg","CTR:provisioned_egg",2.20570079602529
"116918715",-1.67293695217707,1.24937433025623,"1","TBT:provisioned_egg","CTR:provisioned_egg",2.20570079602529
"116918759",-0.214539356761466,1.54457459142448,"1","TBT:provisioned_egg","CTR:provisioned_egg",2.20570079602529
"116918781",-0.264764276217308,1.64217838751847,"1","TBT:provisioned_egg","CTR:provisioned_egg",2.20570079602529
"116918846",-1.10548450077074,1.84702379055976,"1","TBT:provisioned_egg","CTR:provisioned_egg",2.20570079602529
"116918853",-0.673523475834722,-0.154447309731813,"1","TBT:provisioned_egg","CTR:provisioned_egg",2.20570079602529
"116918984",-0.833229187577603,1.51960255606122,"1","TBT:provisioned_egg","CTR:provisioned_egg",2.20570079602529
"116919134",-0.474909528782704,1.53114910352857,"1","TBT:provisioned_egg","CTR:provisioned_egg",2.20570079602529
"116919162",-0.830714882372255,1.26054196820352,"1","TBT:provisioned_egg","CTR:provisioned_egg",2.20570079602529
"116919212",-1.95137808605819,1.28752858326063,"1","TBT:provisioned_egg","CTR:provisioned_egg",2.20570079602529
"116919230",-2.41316333598818,0.631421710578449,"1","TBT:provisioned_egg","CTR:provisioned_egg",2.20570079602529
"116919236",-1.63149082419706,1.20175764268714,"1","TBT:provisioned_egg","CTR:provisioned_egg",2.20570079602529
"116919237",-1.15763152773135,0.877475672523085,"1","TBT:provisioned_egg","CTR:provisioned_egg",2.20570079602529
"116919239",-1.0074062220545,-0.558369787873418,"1","TBT:provisioned_egg","CTR:provisioned_egg",2.20570079602529
"116919240",-1.88604112722113,0.862798919741382,"1","TBT:provisioned_egg","CTR:provisioned_egg",2.20570079602529
"116919245",-1.98725739289551,1.07275365551628,"1","TBT:provisioned_egg","CTR:provisioned_egg",2.20570079602529
"116919442",-1.21063433159322,1.49872776376399,"1","TBT:provisioned_egg","CTR:provisioned_egg",2.20570079602529
"116919483",-0.459720997792545,1.35646667733815,"1","TBT:provisioned_egg","CTR:provisioned_egg",2.20570079602529
"116919533",-0.647696360610471,1.04884749430557,"1","TBT:provisioned_egg","CTR:provisioned_egg",2.20570079602529
"116919640",-0.447809399296893,1.53868968813914,"1","TBT:provisioned_egg","CTR:provisioned_egg",2.20570079602529
"116919694",-2.40005118997905,0.767862809576116,"1","TBT:provisioned_egg","CTR:provisioned_egg",2.20570079602529
"116919700",-2.02093877890602,0.745268209346361,"1","TBT:provisioned_egg","CTR:provisioned_egg",2.20570079602529
"116919772",-1.8516310739188,0.860548820244667,"1","TBT:provisioned_egg","CTR:provisioned_egg",2.20570079602529
"116919815",-0.308082908274041,0.50765001272915,"1","TBT:provisioned_egg","CTR:provisioned_egg",2.20570079602529
"116919948",-0.288442875731183,1.09591960538356,"1","TBT:provisioned_egg","CTR:provisioned_egg",2.20570079602529
"116920075",-1.40345728970873,1.37308938547537,"1","TBT:provisioned_egg","CTR:provisioned_egg",2.20570079602529
"116920231",-0.915044869069424,0.179451504636846,"1","TBT:provisioned_egg","CTR:provisioned_egg",2.20570079602529
"116920274",-1.4397465198642,0.798457610238729,"1","TBT:provisioned_egg","CTR:provisioned_egg",2.20570079602529
"116920335",-0.857157681722759,1.2993872136111,"1","TBT:provisioned_egg","CTR:provisioned_egg",2.20570079602529
"116920480",-1.3615962897224,1.21528312644743,"1","TBT:provisioned_egg","CTR:provisioned_egg",2.20570079602529
"116920540",-0.462554212491409,0.657145475064153,"1","TBT:provisioned_egg","CTR:provisioned_egg",2.20570079602529
"116920543",-0.660149862882943,1.07537168434893,"1","TBT:provisioned_egg","CTR:provisioned_egg",2.20570079602529
"116920546",-1.63371312399186,1.16240483083163,"1","TBT:provisioned_egg","CTR:provisioned_egg",2.20570079602529
"116920578",-1.11960476862801,0.782899681309991,"1","TBT:provisioned_egg","CTR:provisioned_egg",2.20570079602529
"116920580",-1.64297300007987,0.697651171671421,"1","TBT:provisioned_egg","CTR:provisioned_egg",2.20570079602529
"116920689",-1.75391593750665,0.634571162391893,"1","TBT:provisioned_egg","CTR:provisioned_egg",2.20570079602529
"116920746",-1.51607084465114,0.837787739446513,"1","TBT:provisioned_egg","CTR:provisioned_egg",2.20570079602529
"116920755",-0.904755220801787,1.43123406224085,"1","TBT:provisioned_egg","CTR:provisioned_egg",2.20570079602529
"116920774",-1.88507414704022,0.925906533096097,"1","TBT:provisioned_egg","CTR:provisioned_egg",2.20570079602529
"116920817",-1.0710225948318,1.0787554808456,"1","TBT:provisioned_egg","CTR:provisioned_egg",2.20570079602529
"116920824",-0.698537743852314,1.7092068856224,"1","TBT:provisioned_egg","CTR:provisioned_egg",2.20570079602529
"116920919",-1.09485556489136,0.797703590850163,"1","TBT:provisioned_egg","CTR:provisioned_egg",2.20570079602529
"116920924",-1.22581391641841,1.28290624761648,"1","TBT:provisioned_egg","CTR:provisioned_egg",2.20570079602529
"116920928",-1.10079680729739,1.40318743919712,"1","TBT:provisioned_egg","CTR:provisioned_egg",2.20570079602529
"116920929",-0.585784271531182,1.56411841343661,"1","TBT:provisioned_egg","CTR:provisioned_egg",2.20570079602529
"116920930",-1.29205902360945,1.44518334633676,"1","TBT:provisioned_egg","CTR:provisioned_egg",2.20570079602529
"116920931",-1.32791379121609,1.24959943778254,"1","TBT:provisioned_egg","CTR:provisioned_egg",2.20570079602529
"116920933",-1.72796288564421,1.31493233952484,"1","TBT:provisioned_egg","CTR:provisioned_egg",2.20570079602529
"116920937",-0.940440052336027,1.62474455734249,"1","TBT:provisioned_egg","CTR:provisioned_egg",2.20570079602529
"116920938",-0.903953591527301,1.47954832175238,"1","TBT:provisioned_egg","CTR:provisioned_egg",2.20570079602529
"116920955",-0.64738693137726,0.761436619336921,"1","TBT:provisioned_egg","CTR:provisioned_egg",2.20570079602529
"116921020",-1.40247154239516,1.36010827276787,"1","TBT:provisioned_egg","CTR:provisioned_egg",2.20570079602529
"116921031",-0.204445072376645,0.613848097981377,"1","TBT:provisioned_egg","CTR:provisioned_egg",2.20570079602529
"116921079",-1.23781260716447,1.14643169207928,"1","TBT:provisioned_egg","CTR:provisioned_egg",2.20570079602529
"116921085",-1.13217585669834,0.358363161206812,"1","TBT:provisioned_egg","CTR:provisioned_egg",2.20570079602529
"116921110",-1.72635414994242,1.05431931835718,"1","TBT:provisioned_egg","CTR:provisioned_egg",2.20570079602529
"116921243",-1.60205734940536,1.49314345092846,"1","TBT:provisioned_egg","CTR:provisioned_egg",2.20570079602529
"116921344",-2.18917636296198,1.08067282536596,"1","TBT:provisioned_egg","CTR:provisioned_egg",2.20570079602529
"116921397",-1.66664996565582,0.0623547798337896,"1","TBT:provisioned_egg","CTR:provisioned_egg",2.20570079602529
"116921417",-0.689806114846133,0.770030822664895,"1","TBT:provisioned_egg","CTR:provisioned_egg",2.20570079602529
"116921467",-0.475379481084075,1.50545980526328,"1","TBT:provisioned_egg","CTR:provisioned_egg",2.20570079602529
"116921476",-1.53749478701022,1.3090395633644,"1","TBT:provisioned_egg","CTR:provisioned_egg",2.20570079602529
"116921478",-0.929395880877802,1.48589316170776,"1","TBT:provisioned_egg","CTR:provisioned_egg",2.20570079602529
"116921482",-0.432984944964343,1.29689270172159,"1","TBT:provisioned_egg","CTR:provisioned_egg",2.20570079602529
"116921503",-1.07930054016333,1.83728504124581,"1","TBT:provisioned_egg","CTR:provisioned_egg",2.20570079602529
"116921572",-1.22090864509178,1.25331061928197,"1","TBT:provisioned_egg","CTR:provisioned_egg",2.20570079602529
"116921698",-1.61429663865732,0.8071886649369,"1","TBT:provisioned_egg","CTR:provisioned_egg",2.20570079602529
"116921727",-1.67778121046181,1.25198431270333,"1","TBT:provisioned_egg","CTR:provisioned_egg",2.20570079602529
"116921895",-1.12518963689286,1.25112004521098,"1","TBT:provisioned_egg","CTR:provisioned_egg",2.20570079602529
"116921999",0.147359946584741,1.21990720078696,"1","TBT:provisioned_egg","CTR:provisioned_egg",2.20570079602529
"116922010",-1.89461217038883,1.24462713579475,"1","TBT:provisioned_egg","CTR:provisioned_egg",2.20570079602529
"116922163",-1.70677020032078,1.05977194589428,"1","TBT:provisioned_egg","CTR:provisioned_egg",2.20570079602529
"116922177",-1.16282127007147,1.4616140488776,"1","TBT:provisioned_egg","CTR:provisioned_egg",2.20570079602529
"116922183",-1.02017888416529,1.46845762697232,"1","TBT:provisioned_egg","CTR:provisioned_egg",2.20570079602529
"116922329",-2.31823635763166,0.771381569038729,"1","TBT:provisioned_egg","CTR:provisioned_egg",2.20570079602529
"116922474",-1.79444741682729,0.982168173398802,"1","TBT:provisioned_egg","CTR:provisioned_egg",2.20570079602529
"116922478",-1.59006775602279,1.43358170630562,"1","TBT:provisioned_egg","CTR:provisioned_egg",2.20570079602529
"116922778",-0.964589664286526,-0.0622569608451916,"1","TBT:provisioned_egg","CTR:provisioned_egg",2.20570079602529
"116922788",-1.46978290948566,1.2235581699756,"1","TBT:provisioned_egg","CTR:provisioned_egg",2.20570079602529
"116922810",-1.44729728014945,0.869678693393907,"1","TBT:provisioned_egg","CTR:provisioned_egg",2.20570079602529
"116922829",-0.208021888872592,1.5158885732645,"1","TBT:provisioned_egg","CTR:provisioned_egg",2.20570079602529
"116922924",-2.55239500789821,0.730223081554547,"1","TBT:provisioned_egg","CTR:provisioned_egg",2.20570079602529
"116922943",-0.542834510902295,0.883571531954907,"1","TBT:provisioned_egg","CTR:provisioned_egg",2.20570079602529
"116922950",-0.913615799444855,0.550116786195334,"1","TBT:provisioned_egg","CTR:provisioned_egg",2.20570079602529
"116922988",-0.142734318474067,-0.135806110628719,"1","TBT:provisioned_egg","CTR:provisioned_egg",2.20570079602529
"116922993",-1.72921912733608,0.725348937748655,"1","TBT:provisioned_egg","CTR:provisioned_egg",2.20570079602529
"116923040",-1.96317287707412,1.173745338559,"1","TBT:provisioned_egg","CTR:provisioned_egg",2.20570079602529
"116923041",-2.10716418509658,1.19676572225494,"1","TBT:provisioned_egg","CTR:provisioned_egg",2.20570079602529
"116923059",0.587197524618055,0.62557621499435,"1","TBT:provisioned_egg","CTR:provisioned_egg",2.20570079602529
"116923073",-0.587527764821804,0.714326844171103,"1","TBT:provisioned_egg","CTR:provisioned_egg",2.20570079602529
"116923178",-1.2994851813388,0.580439728356891,"1","TBT:provisioned_egg","CTR:provisioned_egg",2.20570079602529
"116923219",-0.881361603712524,0.870852936878148,"1","TBT:provisioned_egg","CTR:provisioned_egg",2.20570079602529
"116923430",-0.939956179597146,0.924872664263664,"1","TBT:provisioned_egg","CTR:provisioned_egg",2.20570079602529
"116923447",-1.91188213135938,0.877703791259162,"1","TBT:provisioned_egg","CTR:provisioned_egg",2.20570079602529
"116923679",-1.65562230476531,1.23425743775722,"1","TBT:provisioned_egg","CTR:provisioned_egg",2.20570079602529
"116923708",-1.26979513863909,0.810825000277615,"1","TBT:provisioned_egg","CTR:provisioned_egg",2.20570079602529
"116923841",-1.02508560073432,-0.387048811101821,"1","TBT:provisioned_egg","CTR:provisioned_egg",2.20570079602529
"116923996",-2.40780191897736,0.768691159658396,"1","TBT:provisioned_egg","CTR:provisioned_egg",2.20570079602529
"116924049",-1.17918117281421,1.30654814606022,"1","TBT:provisioned_egg","CTR:provisioned_egg",2.20570079602529
"116924051",-0.756417910218132,1.2682444663813,"1","TBT:provisioned_egg","CTR:provisioned_egg",2.20570079602529
"116924262",-2.47624367183711,0.454506246640805,"1","TBT:provisioned_egg","CTR:provisioned_egg",2.20570079602529
"116924263",-0.734084925953789,-0.253091379127676,"1","TBT:provisioned_egg","CTR:provisioned_egg",2.20570079602529
"116924429",-0.707542419565233,1.58426181105883,"1","TBT:provisioned_egg","CTR:provisioned_egg",2.20570079602529
"116924502",-1.16672706209718,0.998739994824776,"1","TBT:provisioned_egg","CTR:provisioned_egg",2.20570079602529
"116924592",-1.4606595890286,0.352335986201172,"1","TBT:provisioned_egg","CTR:provisioned_egg",2.20570079602529
"116924703",-1.57897236273222,0.809628699145239,"1","TBT:provisioned_egg","CTR:provisioned_egg",2.20570079602529
"116924862",-1.50852196361275,1.17948527483841,"1","TBT:provisioned_egg","CTR:provisioned_egg",2.20570079602529
"116924947",-0.800420667055035,1.45122409829999,"1","TBT:provisioned_egg","CTR:provisioned_egg",2.20570079602529
"116925005",-0.509688070399337,1.43850074675692,"1","TBT:provisioned_egg","CTR:provisioned_egg",2.20570079602529
"116925026",-0.570319975777218,0.707052430045038,"1","TBT:provisioned_egg","CTR:provisioned_egg",2.20570079602529
"116925029",-0.760065802256389,1.4469180402186,"1","TBT:provisioned_egg","CTR:provisioned_egg",2.20570079602529
"116925124",-0.0752492437473824,0.895139322882488,"1","TBT:provisioned_egg","CTR:provisioned_egg",2.20570079602529
"116925303",-1.21712106999954,1.35615084613857,"1","TBT:provisioned_egg","CTR:provisioned_egg",2.20570079602529
"116925370",-1.48004332546899,1.12373949460284,"1","TBT:provisioned_egg","CTR:provisioned_egg",2.20570079602529
"116925497",-0.437468696980694,-0.260349008478912,"1","TBT:provisioned_egg","CTR:provisioned_egg",2.20570079602529
"116925602",0.253496866186946,0.511964635308419,"1","TBT:provisioned_egg","CTR:provisioned_egg",2.20570079602529
"116925692",-1.14092044832339,1.42699652600108,"1","TBT:provisioned_egg","CTR:provisioned_egg",2.20570079602529
"116925717",-0.264957642019826,1.69637802797108,"1","TBT:provisioned_egg","CTR:provisioned_egg",2.20570079602529
"116925753",-0.404462779383271,1.42703942018324,"1","TBT:provisioned_egg","CTR:provisioned_egg",2.20570079602529
"116925836",-1.33147160191455,1.21444682342284,"1","TBT:provisioned_egg","CTR:provisioned_egg",2.20570079602529
"116925935",-0.653030803697071,1.1258217524757,"1","TBT:provisioned_egg","CTR:provisioned_egg",2.20570079602529
"116925940",-1.30853839160145,1.66750734202916,"1","TBT:provisioned_egg","CTR:provisioned_egg",2.20570079602529
"116925941",-1.65789995450388,1.06583109733592,"1","TBT:provisioned_egg","CTR:provisioned_egg",2.20570079602529
"116925994",-1.94360382636352,1.14732399655634,"1","TBT:provisioned_egg","CTR:provisioned_egg",2.20570079602529
"116925995",-1.33098438131732,1.21034837477302,"1","TBT:provisioned_egg","CTR:provisioned_egg",2.20570079602529
"116926003",-1.82514911814042,1.24919644929031,"1","TBT:provisioned_egg","CTR:provisioned_egg",2.20570079602529
"116926013",0.210302730088086,0.964676778873012,"1","TBT:provisioned_egg","CTR:provisioned_egg",2.20570079602529
"116926022",-0.175178103263624,1.29499642605768,"1","TBT:provisioned_egg","CTR:provisioned_egg",2.20570079602529
"116926049",-1.12685420538711,1.49191898567786,"1","TBT:provisioned_egg","CTR:provisioned_egg",2.20570079602529
"116926068",-0.288476982357865,0.968664815946958,"1","TBT:provisioned_egg","CTR:provisioned_egg",2.20570079602529
"116926080",0.0947561380631646,1.26224594605744,"1","TBT:provisioned_egg","CTR:provisioned_egg",2.20570079602529
"116926190",-0.85769588768331,1.2516687243328,"1","TBT:provisioned_egg","CTR:provisioned_egg",2.20570079602529
"116926203",-1.77349712586649,0.833640074310498,"1","TBT:provisioned_egg","CTR:provisioned_egg",2.20570079602529
"116926213",-1.10107956860344,0.30508025129002,"1","TBT:provisioned_egg","CTR:provisioned_egg",2.20570079602529
"116926265",-2.26856946027208,1.17703905495486,"1","TBT:provisioned_egg","CTR:provisioned_egg",2.20570079602529
"116926306",-0.914478834187913,1.50424948304712,"1","TBT:provisioned_egg","CTR:provisioned_egg",2.20570079602529
"116926387",-1.04529480842068,1.22757641039836,"1","TBT:provisioned_egg","CTR:provisioned_egg",2.20570079602529
"116926424",-1.23691150341443,0.862396230849862,"1","TBT:provisioned_egg","CTR:provisioned_egg",2.20570079602529
"116926562",0.114761536500324,0.341358176339008,"1","TBT:provisioned_egg","CTR:provisioned_egg",2.20570079602529
"116926645",-1.26746489731844,1.36588442220257,"1","TBT:provisioned_egg","CTR:provisioned_egg",2.20570079602529
"116926648",-1.32468987979881,1.22961452876186,"1","TBT:provisioned_egg","CTR:provisioned_egg",2.20570079602529
"116926649",-0.876617711947877,1.37017760511706,"1","TBT:provisioned_egg","CTR:provisioned_egg",2.20570079602529
"116926651",-1.62684326062456,1.32499029905726,"1","TBT:provisioned_egg","CTR:provisioned_egg",2.20570079602529
"116926709",-1.51283407777459,1.48730830542229,"1","TBT:provisioned_egg","CTR:provisioned_egg",2.20570079602529
"116926763",-2.24658337958885,1.06044803582026,"1","TBT:provisioned_egg","CTR:provisioned_egg",2.20570079602529
"116926777",-1.80910685650702,1.1219972342871,"1","TBT:provisioned_egg","CTR:provisioned_egg",2.20570079602529
"116926816",-0.595578509949057,1.29954605397687,"1","TBT:provisioned_egg","CTR:provisioned_egg",2.20570079602529
"116926830",-0.322033504389497,1.44453031768195,"1","TBT:provisioned_egg","CTR:provisioned_egg",2.20570079602529
"116926831",-0.446416915671129,1.46491712047551,"1","TBT:provisioned_egg","CTR:provisioned_egg",2.20570079602529
"116926843",-0.202085529668391,1.30332712770316,"1","TBT:provisioned_egg","CTR:provisioned_egg",2.20570079602529
"116927027",-0.725905109179929,1.88637950544405,"1","TBT:provisioned_egg","CTR:provisioned_egg",2.20570079602529
"116927095",-1.22503594854796,1.39501626611983,"1","TBT:provisioned_egg","CTR:provisioned_egg",2.20570079602529
"116927211",-2.18736147187289,0.788348534588089,"1","TBT:provisioned_egg","CTR:provisioned_egg",2.20570079602529
"116927255",-1.13742664112667,0.316466470497482,"1","TBT:provisioned_egg","CTR:provisioned_egg",2.20570079602529
"116927303",-1.21802737721935,1.28954870081224,"1","TBT:provisioned_egg","CTR:provisioned_egg",2.20570079602529
"116927330",-0.789911909606747,1.46465953360933,"1","TBT:provisioned_egg","CTR:provisioned_egg",2.20570079602529
"116927336",-1.56965661888237,1.47658273198757,"1","TBT:provisioned_egg","CTR:provisioned_egg",2.20570079602529
"116927338",-1.73899261457271,1.41072973779355,"1","TBT:provisioned_egg","CTR:provisioned_egg",2.20570079602529
"116927339",-1.9420998653861,1.26722994999048,"1","TBT:provisioned_egg","CTR:provisioned_egg",2.20570079602529
"116927361",-1.25966131690926,1.50779237955149,"1","TBT:provisioned_egg","CTR:provisioned_egg",2.20570079602529
"116927399",-0.833968353996212,0.303408184787611,"1","TBT:provisioned_egg","CTR:provisioned_egg",2.20570079602529
"116927453",-0.680700481500441,1.58700392865048,"1","TBT:provisioned_egg","CTR:provisioned_egg",2.20570079602529
"116927469",-1.74029506128957,1.17206703094247,"1","TBT:provisioned_egg","CTR:provisioned_egg",2.20570079602529
"116927482",-1.4870415265072,1.53939057096544,"1","TBT:provisioned_egg","CTR:provisioned_egg",2.20570079602529
"116927501",-1.38602875468374,0.770483806819031,"1","TBT:provisioned_egg","CTR:provisioned_egg",2.20570079602529
"116927571",-1.23963551783979,1.57487133820785,"1","TBT:provisioned_egg","CTR:provisioned_egg",2.20570079602529
"116927769",-1.07947174013684,1.45355097947721,"1","TBT:provisioned_egg","CTR:provisioned_egg",2.20570079602529
"116927831",-2.13545720081439,0.601643699417028,"1","TBT:provisioned_egg","CTR:provisioned_egg",2.20570079602529
"116927846",-1.49699445819456,1.06614416493406,"1","TBT:provisioned_egg","CTR:provisioned_egg",2.20570079602529
"116927888",-0.840716457240906,1.51519644300082,"1","TBT:provisioned_egg","CTR:provisioned_egg",2.20570079602529
"116927907",-1.72633346561481,1.25564316661614,"1","TBT:provisioned_egg","CTR:provisioned_egg",2.20570079602529
"116927913",-1.4500683870799,0.551409402692453,"1","TBT:provisioned_egg","CTR:provisioned_egg",2.20570079602529
"116927944",-1.07181836967974,1.32051116880159,"1","TBT:provisioned_egg","CTR:provisioned_egg",2.20570079602529
"116927996",-1.13393770457618,1.26298255672886,"1","TBT:provisioned_egg","CTR:provisioned_egg",2.20570079602529
"116928015",-1.56400473410162,1.36597200112405,"1","TBT:provisioned_egg","CTR:provisioned_egg",2.20570079602529
"116928019",-0.143924855232701,0.319983826230264,"1","TBT:provisioned_egg","CTR:provisioned_egg",2.20570079602529
"116928032",-1.46674206088194,1.22738282038465,"1","TBT:provisioned_egg","CTR:provisioned_egg",2.20570079602529
"116928072",-0.91096214667848,1.30634226936222,"1","TBT:provisioned_egg","CTR:provisioned_egg",2.20570079602529
"116928102",-1.54039769854605,0.978102532746854,"1","TBT:provisioned_egg","CTR:provisioned_egg",2.20570079602529
"116928166",-1.7704313820856,1.53534495438817,"1","TBT:provisioned_egg","CTR:provisioned_egg",2.20570079602529
"116928255",-0.96703499301087,0.97216810135293,"1","TBT:provisioned_egg","CTR:provisioned_egg",2.20570079602529
"116928258",-1.28062194534675,0.895407699985194,"1","TBT:provisioned_egg","CTR:provisioned_egg",2.20570079602529
"116928342",-1.33564888961353,0.729698712551504,"1","TBT:provisioned_egg","CTR:provisioned_egg",2.20570079602529
"116928346",-0.999621708141934,0.864969126700936,"1","TBT:provisioned_egg","CTR:provisioned_egg",2.20570079602529
"116928347",0.199558171755158,1.22039796163658,"1","TBT:provisioned_egg","CTR:provisioned_egg",2.20570079602529
"116928375",-1.91118750754436,0.976809239581726,"1","TBT:provisioned_egg","CTR:provisioned_egg",2.20570079602529
"116928432",-1.67013463051544,0.695619859989204,"1","TBT:provisioned_egg","CTR:provisioned_egg",2.20570079602529
"116928835",-1.82523891980179,-0.507840369733282,"1","TBT:provisioned_egg","CTR:provisioned_egg",2.20570079602529
"116928949",-1.6901825240681,1.06260811359188,"1","TBT:provisioned_egg","CTR:provisioned_egg",2.20570079602529
"116929001",-1.72989793738333,0.876188547847479,"1","TBT:provisioned_egg","CTR:provisioned_egg",2.20570079602529
"116929017",-1.18228427300121,0.931928567369008,"1","TBT:provisioned_egg","CTR:provisioned_egg",2.20570079602529
"116929024",-1.57031787465219,0.930865181622033,"1","TBT:provisioned_egg","CTR:provisioned_egg",2.20570079602529
"116929026",-1.18381215146505,0.684275970850157,"1","TBT:provisioned_egg","CTR:provisioned_egg",2.20570079602529
"116929029",-1.30858251061669,0.891541132655628,"1","TBT:provisioned_egg","CTR:provisioned_egg",2.20570079602529
"116929033",-1.51852863641683,0.863986345359104,"1","TBT:provisioned_egg","CTR:provisioned_egg",2.20570079602529
"116929047",-0.523699198834322,0.139910798133472,"1","TBT:provisioned_egg","CTR:provisioned_egg",2.20570079602529
"116929086",-1.16449851559283,0.192648232891911,"1","TBT:provisioned_egg","CTR:provisioned_egg",2.20570079602529
"116929144",-1.67854667296638,1.18528043733478,"1","TBT:provisioned_egg","CTR:provisioned_egg",2.20570079602529
"116929145",-1.85990584641721,1.01364804298883,"1","TBT:provisioned_egg","CTR:provisioned_egg",2.20570079602529
"116929159",-2.10311671570883,0.513147411372229,"1","TBT:provisioned_egg","CTR:provisioned_egg",2.20570079602529
"116929166",-2.13567526336503,0.856812065504946,"1","TBT:provisioned_egg","CTR:provisioned_egg",2.20570079602529
"116929167",-2.13849198651456,0.950511072431249,"1","TBT:provisioned_egg","CTR:provisioned_egg",2.20570079602529
"116929169",-2.03133039937725,0.629345141015134,"1","TBT:provisioned_egg","CTR:provisioned_egg",2.20570079602529
"116929174",-2.17545135903051,0.54398926609086,"1","TBT:provisioned_egg","CTR:provisioned_egg",2.20570079602529
"116929191",-1.62958853032807,1.02838916668495,"1","TBT:provisioned_egg","CTR:provisioned_egg",2.20570079602529
"116929194",-1.39406480733227,0.632993316368763,"1","TBT:provisioned_egg","CTR:provisioned_egg",2.20570079602529
"116929316",-1.02736622009596,1.6326165130558,"1","TBT:provisioned_egg","CTR:provisioned_egg",2.20570079602529
"116929335",-1.95946455381408,0.779357336924964,"1","TBT:provisioned_egg","CTR:provisioned_egg",2.20570079602529
"116929338",-1.41712699391764,1.1042574175071,"1","TBT:provisioned_egg","CTR:provisioned_egg",2.20570079602529
"116929376",-0.774333260545,1.25331014475459,"1","TBT:provisioned_egg","CTR:provisioned_egg",2.20570079602529
"116929440",-2.37318221596773,0.411548117315627,"1","TBT:provisioned_egg","CTR:provisioned_egg",2.20570079602529
"116929472",-1.30197098276836,1.1376299930809,"1","TBT:provisioned_egg","CTR:provisioned_egg",2.20570079602529
"116929480",-0.592602783610523,1.48116079247678,"1","TBT:provisioned_egg","CTR:provisioned_egg",2.20570079602529
"116929495",-0.802118988379655,1.17543994145081,"1","TBT:provisioned_egg","CTR:provisioned_egg",2.20570079602529
"116929716",-1.23617987712541,1.536035006743,"1","TBT:provisioned_egg","CTR:provisioned_egg",2.20570079602529
"116929750",-0.771787994908762,1.0337722297587,"1","TBT:provisioned_egg","CTR:provisioned_egg",2.20570079602529
"116929837",-1.38972922376676,1.32465592465022,"1","TBT:provisioned_egg","CTR:provisioned_egg",2.20570079602529
"116929963",-1.92969266793604,1.2412069305353,"1","TBT:provisioned_egg","CTR:provisioned_egg",2.20570079602529
"116929991",-0.986364512852773,1.60019753565371,"1","TBT:provisioned_egg","CTR:provisioned_egg",2.20570079602529
"116929992",-1.85711599537317,1.02344068619231,"1","TBT:provisioned_egg","CTR:provisioned_egg",2.20570079602529
"116930021",-2.17549712815102,0.977429514943171,"1","TBT:provisioned_egg","CTR:provisioned_egg",2.20570079602529
"116930136",-1.26383970785166,1.32114151199917,"1","TBT:provisioned_egg","CTR:provisioned_egg",2.20570079602529
"116930210",-2.02650736039331,1.14222825086881,"1","TBT:provisioned_egg","CTR:provisioned_egg",2.20570079602529
"116930216",0.209149049404948,0.857839196272174,"1","TBT:provisioned_egg","CTR:provisioned_egg",2.20570079602529
"116930219",-1.19804753826419,1.73631643475668,"1","TBT:provisioned_egg","CTR:provisioned_egg",2.20570079602529
"116930223",-0.360669470426661,0.928833017818463,"1","TBT:provisioned_egg","CTR:provisioned_egg",2.20570079602529
"116930284",-0.784111737376288,-0.0080708809179636,"1","TBT:provisioned_egg","CTR:provisioned_egg",2.20570079602529
"116930292",-1.44067138738765,1.10997476188913,"1","TBT:provisioned_egg","CTR:provisioned_egg",2.20570079602529
"116930362",-1.99823803164731,0.916685356708511,"1","TBT:provisioned_egg","CTR:provisioned_egg",2.20570079602529
"116930449",-1.09678955333616,1.2518020309931,"1","TBT:provisioned_egg","CTR:provisioned_egg",2.20570079602529
"116930570",-0.716880471529738,0.159231283584144,"1","TBT:provisioned_egg","CTR:provisioned_egg",2.20570079602529
"116930625",0.0397492205650862,0.845591006015494,"1","TBT:provisioned_egg","CTR:provisioned_egg",2.20570079602529
"116930636",-1.31465860592484,1.48272805532663,"1","TBT:provisioned_egg","CTR:provisioned_egg",2.20570079602529
"116930688",-1.94936033313589,0.876017924149664,"1","TBT:provisioned_egg","CTR:provisioned_egg",2.20570079602529
"116930752",0.687393543220161,1.0083863806111,"1","TBT:provisioned_egg","CTR:provisioned_egg",2.20570079602529
"116930930",-1.62771811302875,0.639569973530601,"1","TBT:provisioned_egg","CTR:provisioned_egg",2.20570079602529
"116931039",-1.4785081834046,1.18392929215613,"1","TBT:provisioned_egg","CTR:provisioned_egg",2.20570079602529
"116931093",-1.56816183550064,1.22346174063703,"1","TBT:provisioned_egg","CTR:provisioned_egg",2.20570079602529
"116931135",-1.02683924260114,1.07636056586666,"1","TBT:provisioned_egg","CTR:provisioned_egg",2.20570079602529
"116931277",-1.27834269032119,0.942004326024154,"1","TBT:provisioned_egg","CTR:provisioned_egg",2.20570079602529
"116931288",-0.877368400387655,1.30188695707178,"1","TBT:provisioned_egg","CTR:provisioned_egg",2.20570079602529
"116931367",-0.674447759799057,1.29375798585975,"1","TBT:provisioned_egg","CTR:provisioned_egg",2.20570079602529
"116931382",-0.428939151533808,0.546556175885173,"1","TBT:provisioned_egg","CTR:provisioned_egg",2.20570079602529
"116931406",-1.14083257148967,0.783940411011818,"1","TBT:provisioned_egg","CTR:provisioned_egg",2.20570079602529
"116931429",-0.821582881932152,0.62206356274625,"1","TBT:provisioned_egg","CTR:provisioned_egg",2.20570079602529
"116931531",-1.86805188654643,1.17405742480439,"1","TBT:provisioned_egg","CTR:provisioned_egg",2.20570079602529
"116931534",-1.67141412723406,1.33033352802011,"1","TBT:provisioned_egg","CTR:provisioned_egg",2.20570079602529
"116931569",-0.763590982593367,1.28245815135357,"1","TBT:provisioned_egg","CTR:provisioned_egg",2.20570079602529
"116931679",-1.31868746996171,0.772150967733037,"1","TBT:provisioned_egg","CTR:provisioned_egg",2.20570079602529
"116931889",-1.53639577780092,1.27263653759481,"1","TBT:provisioned_egg","CTR:provisioned_egg",2.20570079602529
"116931894",-0.648475212200571,1.16863233965099,"1","TBT:provisioned_egg","CTR:provisioned_egg",2.20570079602529
"116932055",-1.84754094524501,0.94146571934236,"1","TBT:provisioned_egg","CTR:provisioned_egg",2.20570079602529
"116932142",-1.70772480575596,1.15499436113498,"1","TBT:provisioned_egg","CTR:provisioned_egg",2.20570079602529
"116932310",-1.56547450443021,0.638381580499752,"1","TBT:provisioned_egg","CTR:provisioned_egg",2.20570079602529
"116932403",-1.56643507735735,1.39418941280535,"1","TBT:provisioned_egg","CTR:provisioned_egg",2.20570079602529
"116932764",-1.30692901684062,1.43442512308121,"1","TBT:provisioned_egg","CTR:provisioned_egg",2.20570079602529
"116932765",-1.54132590835368,1.29914595556881,"1","TBT:provisioned_egg","CTR:provisioned_egg",2.20570079602529
"116932769",-0.662322672590817,1.50368421281083,"1","TBT:provisioned_egg","CTR:provisioned_egg",2.20570079602529
"116932816",-0.342113464884516,0.493606729976514,"1","TBT:provisioned_egg","CTR:provisioned_egg",2.20570079602529
"116932838",-0.625464437658469,1.34189294458941,"1","TBT:provisioned_egg","CTR:provisioned_egg",2.20570079602529
"116932914",-1.84294716843032,1.17316704290976,"1","TBT:provisioned_egg","CTR:provisioned_egg",2.20570079602529
"116932960",-1.97823325926334,1.14125643174057,"1","TBT:provisioned_egg","CTR:provisioned_egg",2.20570079602529
"116933014",-1.25069421005747,1.54102979211902,"1","TBT:provisioned_egg","CTR:provisioned_egg",2.20570079602529
"116933043",-0.607640635042948,1.1789626219295,"1","TBT:provisioned_egg","CTR:provisioned_egg",2.20570079602529
"116933111",-1.45240807332972,1.49982785144094,"1","TBT:provisioned_egg","CTR:provisioned_egg",2.20570079602529
"116933123",-1.73355177690789,1.11114047857012,"1","TBT:provisioned_egg","CTR:provisioned_egg",2.20570079602529
"116933126",-1.89399435317428,1.14937209557704,"1","TBT:provisioned_egg","CTR:provisioned_egg",2.20570079602529
"116933229",-0.164209444267771,1.64156687890334,"1","TBT:provisioned_egg","CTR:provisioned_egg",2.20570079602529
"116933236",-1.90809858881915,1.0283728501362,"1","TBT:provisioned_egg","CTR:provisioned_egg",2.20570079602529
"116933254",-1.68547053635211,0.659883499788111,"1","TBT:provisioned_egg","CTR:provisioned_egg",2.20570079602529
"116933380",-1.29326752121852,-0.891943873214285,"1","TBT:provisioned_egg","CTR:provisioned_egg",2.20570079602529
"116933406",-0.957600459718908,0.456348814726781,"1","TBT:provisioned_egg","CTR:provisioned_egg",2.20570079602529
"116933498",-2.12805810683203,0.934086811662815,"1","TBT:provisioned_egg","CTR:provisioned_egg",2.20570079602529
"116933504",-2.28665832504762,0.80345673299923,"1","TBT:provisioned_egg","CTR:provisioned_egg",2.20570079602529
"116933702",-1.8038777289184,1.00361251948874,"1","TBT:provisioned_egg","CTR:provisioned_egg",2.20570079602529
"116933776",-2.22540195329789,0.651617139656387,"1","TBT:provisioned_egg","CTR:provisioned_egg",2.20570079602529
"116933951",-1.53104532840417,0.99377054956889,"1","TBT:provisioned_egg","CTR:provisioned_egg",2.20570079602529
"116933989",-2.06345351453046,0.61626456341776,"1","TBT:provisioned_egg","CTR:provisioned_egg",2.20570079602529
"116934015",-2.16720281205195,1.0760430682509,"1","TBT:provisioned_egg","CTR:provisioned_egg",2.20570079602529
"116934062",-1.20305233453933,1.33598471634177,"1","TBT:provisioned_egg","CTR:provisioned_egg",2.20570079602529
"116934186",-1.24397116587501,1.42156841865966,"1","TBT:provisioned_egg","CTR:provisioned_egg",2.20570079602529
"116934194",-1.10448193565291,1.28788408588729,"1","TBT:provisioned_egg","CTR:provisioned_egg",2.20570079602529
"116934248",-0.55491868544545,0.811755469786083,"1","TBT:provisioned_egg","CTR:provisioned_egg",2.20570079602529
"116934318",-1.10924470605625,-0.282490790159063,"1","TBT:provisioned_egg","CTR:provisioned_egg",2.20570079602529
"116934335",-1.10296718308162,1.35741950685084,"1","TBT:provisioned_egg","CTR:provisioned_egg",2.20570079602529
"116934336",-1.20143844365022,1.08358515341721,"1","TBT:provisioned_egg","CTR:provisioned_egg",2.20570079602529
"116934347",-0.598576887109212,0.424279557314095,"1","TBT:provisioned_egg","CTR:provisioned_egg",2.20570079602529
"116934731",-0.35393396412474,0.0243797065197137,"1","TBT:provisioned_egg","CTR:provisioned_egg",2.20570079602529
"116934801",-1.48547548167931,0.832521524270669,"1","TBT:provisioned_egg","CTR:provisioned_egg",2.20570079602529
"116935009",-2.17608055140426,0.596491495188987,"1","TBT:provisioned_egg","CTR:provisioned_egg",2.20570079602529
"116935033",0.184778551591873,1.12459528388849,"1","TBT:provisioned_egg","CTR:provisioned_egg",2.20570079602529
"116935074",-1.20103759215662,0.99265015704151,"1","TBT:provisioned_egg","CTR:provisioned_egg",2.20570079602529
"116935075",-0.75921885675794,0.408713732837875,"1","TBT:provisioned_egg","CTR:provisioned_egg",2.20570079602529
"116935078",-1.70327237470283,1.15092858916838,"1","TBT:provisioned_egg","CTR:provisioned_egg",2.20570079602529
"116935222",-1.97437361401282,0.870115182857132,"1","TBT:provisioned_egg","CTR:provisioned_egg",2.20570079602529
"116935344",-1.26594221521614,1.5848020649953,"1","TBT:provisioned_egg","CTR:provisioned_egg",2.20570079602529
"116935401",-1.74741891847929,0.0919291135952299,"1","TBT:provisioned_egg","CTR:provisioned_egg",2.20570079602529
"116935940",-0.807225416701293,1.24274504777667,"1","TBT:provisioned_egg","CTR:provisioned_egg",2.20570079602529
"116935974",-1.22530055205103,1.64854594358194,"1","TBT:provisioned_egg","CTR:provisioned_egg",2.20570079602529
"116936041",0.899837187682469,0.926278336018935,"1","TBT:provisioned_egg","CTR:provisioned_egg",2.20570079602529
"116936073",-1.25909281633019,1.21562909830463,"1","TBT:provisioned_egg","CTR:provisioned_egg",2.20570079602529
"116936122",-1.56017066208715,1.2772064638489,"1","TBT:provisioned_egg","CTR:provisioned_egg",2.20570079602529
"116936216",-0.37410444452146,0.973916130998975,"1","TBT:provisioned_egg","CTR:provisioned_egg",2.20570079602529
"116936363",-1.77852202594475,1.36781094135315,"1","TBT:provisioned_egg","CTR:provisioned_egg",2.20570079602529
"116936394",-0.726106576601087,1.20570934677942,"1","TBT:provisioned_egg","CTR:provisioned_egg",2.20570079602529
"116936412",-1.89783495218694,1.11621492746437,"1","TBT:provisioned_egg","CTR:provisioned_egg",2.20570079602529
"116936425",-1.58849046740388,0.550487763463518,"1","TBT:provisioned_egg","CTR:provisioned_egg",2.20570079602529
"116936531",-2.23463350323675,0.762296557421369,"1","TBT:provisioned_egg","CTR:provisioned_egg",2.20570079602529
