"","sig_genes_pval_deseq"
"1","24147190"
"2","116935274"
"3","116916396"
"4","116920872"
"5","116920925"
"6","116925808"
"7","116934574"
"8","116935295"
"9","116922817"
"10","116928982"
"11","116920200"
"12","116931574"
"13","116927049"
"14","116935329"
"15","116936512"
"16","116919192"
"17","116932015"
"18","116931889"
"19","116919162"
"20","116916728"
"21","116934062"
"22","116935569"
"23","116919197"
"24","116930313"
"25","116918261"
"26","116923089"
"27","116916776"
"28","116917635"
"29","116920774"
"30","116936108"
"31","116936399"
"32","116920817"
"33","116932339"
"34","116921020"
"35","116935051"
"36","116926869"
"37","116924600"
"38","116919495"
"39","116934486"
"40","116934347"
"41","116931441"
"42","116920147"
"43","116936616"
"44","116931155"
"45","116916489"
"46","116920274"
"47","116916340"
"48","116936410"
"49","116928631"
"50","116926634"
"51","116928833"
"52","116917230"
"53","116917256"
"54","116923912"
"55","116928115"
"56","116917585"
"57","116932352"
"58","116926297"
"59","116922010"
"60","116919702"
"61","116934358"
"62","116925753"
"63","116916672"
"64","116923722"
"65","116928168"
"66","116926500"
"67","116924316"
"68","116936650"
"69","116923859"
"70","116919544"
"71","116936394"
"72","116924588"
"73","116924018"
"74","116916351"
"75","116918010"
"76","116919520"
"77","116934891"
"78","116918933"
"79","116917918"
"80","116936610"
"81","116926909"
"82","116918371"
"83","116929076"
"84","116930252"
"85","116921731"
"86","116930876"
"87","116918359"
"88","116935113"
"89","116915697"
"90","116927661"
"91","116929560"
"92","116927562"
"93","116925128"
"94","116927027"
"95","116931537"
"96","116919341"
"97","116934938"
"98","116918203"
"99","116930946"
"100","116936424"
"101","116916118"
"102","116931288"
"103","116932379"
"104","116934394"
"105","116924011"
"106","116919483"
"107","116925935"
"108","116925836"
"109","116919729"
"110","116925179"
"111","116931524"
"112","116916800"
"113","116920130"
"114","116930517"
"115","116932443"
"116","116927553"
"117","116925390"
"118","116916972"
"119","116926878"
"120","116936259"
"121","116932090"
"122","116923069"
"123","116936515"
"124","116917784"
"125","116924836"
"126","116921031"
"127","116919411"
"128","116932759"
"129","116933752"
"130","116934404"
"131","116917084"
"132","116916456"
"133","116935940"
"134","116928664"
"135","116923177"
"136","116932721"
"137","116930695"
"138","116936396"
"139","116934070"
"140","116918652"
"141","116936585"
"142","116927279"
"143","116931622"
"144","116920335"
"145","116919876"
"146","116927314"
"147","116920163"
"148","116924103"
"149","116936531"
"150","116921838"
"151","116923746"
"152","116930970"
"153","116928497"
"154","116920058"
"155","116917884"
"156","116924845"
"157","116923059"
"158","116935135"
"159","116915988"
"160","116935011"
"161","116929291"
"162","116930296"
"163","116921002"
"164","116933058"
"165","116926859"
"166","116926361"
"167","116936523"
"168","116925387"
"169","116930572"
"170","116918039"
"171","116927200"
"172","116936651"
"173","116931041"
"174","116929340"
"175","116926022"
"176","116923703"
"177","116935709"
"178","116936370"
"179","116936342"
"180","116936507"
"181","116920578"
"182","116936186"
"183","116933186"
"184","116931772"
"185","116936520"
"186","116930752"
"187","116919091"
"188","116919046"
"189","116918701"
"190","116934980"
"191","116929711"
"192","116919712"
"193","116934805"
"194","116931381"
"195","116929264"
"196","116936660"
"197","116936636"
"198","116918663"
"199","116936434"
"200","116935961"
"201","116920841"
"202","116926190"
"203","116917141"
"204","116932521"
"205","116936380"
"206","116926483"
"207","116917346"
"208","116936663"
"209","116919772"
"210","116929328"
"211","116919503"
"212","116926489"
"213","116920746"
"214","116934985"
"215","116933993"
"216","116930841"
"217","116929271"
"218","116919239"
"219","116927571"
"220","116922176"
"221","116934210"
"222","116918574"
"223","116936412"
"224","116919872"
"225","116936609"
"226","116915450"
"227","116919584"
"228","116919386"
"229","116936602"
"230","116917939"
"231","116936528"
"232","116915463"
"233","116930251"
"234","116919535"
"235","116936425"
"236","116929286"
"237","116920050"
"238","116920616"
"239","116917689"
"240","116915940"
"241","116918853"
"242","116928951"
"243","116920188"
"244","116936210"
"245","116929307"
"246","116917600"
"247","116934288"
"248","116925730"
"249","116934917"
"250","116928796"
"251","116934637"
"252","116916815"
"253","116916929"
"254","116920689"
"255","116936683"
"256","116917666"
"257","116931699"
"258","116920551"
"259","116936526"
"260","116936534"
"261","116935285"
"262","116936558"
"263","116929834"
"264","116936678"
"265","116915442"
"266","116918739"
"267","116927946"
"268","116930431"
"269","116920212"
"270","116918509"
"271","116923425"
"272","116929704"
"273","116918985"
"274","116936392"
"275","116923504"
"276","116917072"
"277","116918635"
"278","116935471"
"279","116918860"
"280","116936414"
"281","116936631"
"282","116929738"
"283","116921417"
"284","116931106"
"285","116921715"
"286","116921587"
"287","116929195"
"288","116936516"
"289","116936535"
"290","116936563"
"291","116936271"
"292","116936421"
"293","116917305"
"294","116921010"
"295","116921316"
"296","116915417"
"297","116921638"
"298","116922811"
"299","116934309"
"300","116936050"
"301","116919939"
"302","116920983"
"303","116936125"
"304","116930646"
"305","116936545"
"306","116929168"
"307","116929317"
"308","116926019"
"309","116919898"
"310","116932134"
"311","116924564"
"312","116934854"
"313","116936575"
"314","116928271"
"315","116932929"
"316","116936499"
"317","116932332"
"318","116917586"
"319","116920451"
"320","116917113"
"321","116917255"
"322","116915535"
"323","116917111"
"324","116915536"
"325","116916479"
"326","116915333"
"327","116916097"
"328","116915389"
"329","116915603"
"330","116915462"
"331","116915734"
"332","116915537"
"333","116916112"
"334","116915401"
"335","116917149"
"336","116915385"
"337","116917282"
"338","116916735"
"339","116916346"
"340","116915308"
"341","116917996"
"342","116915470"
"343","116915413"
"344","116915941"
"345","116915538"
"346","116917869"
"347","116915473"
"348","116917408"
"349","116918016"
"350","116916012"
"351","116917206"
"352","116917283"
"353","116917564"
"354","116916872"
"355","116917603"
"356","116916364"
"357","116918056"
"358","116917494"
"359","116916934"
"360","116916612"
"361","116917374"
"362","116915500"
"363","116915338"
"364","116916997"
"365","116915532"
"366","116915733"
"367","116916274"
"368","116916477"
"369","116917122"
"370","116916245"
"371","116915858"
"372","116917920"
"373","116917649"
"374","116915618"
"375","116915769"
"376","116916071"
"377","116915826"
"378","116917013"
"379","116916794"
"380","116916053"
"381","116916767"
"382","116917033"
"383","116916250"
"384","116917907"
"385","116915484"
"386","116916532"
"387","116915814"
"388","116917661"
"389","116916637"
"390","116916404"
"391","116915851"
"392","116915504"
"393","116917062"
"394","116915488"
"395","116916403"
"396","116917831"
"397","116915666"
"398","116916300"
"399","116916028"
"400","116916760"
"401","116916526"
"402","116915693"
"403","116917905"
"404","116916554"
"405","116917228"
"406","116915426"
"407","116915476"
"408","116916272"
"409","116917766"
"410","116917316"
"411","116917723"
"412","116916001"
"413","116915649"
"414","116917507"
"415","116916278"
"416","116916539"
"417","116916127"
"418","116915783"
"419","116917384"
"420","116916450"
"421","116915494"
"422","116916036"
"423","116916674"
"424","116917438"
"425","116915827"
"426","116915464"
"427","116917371"
"428","116917233"
"429","116915765"
"430","116917458"
"431","116915534"
"432","116917651"
"433","116917980"
"434","116915491"
"435","116915949"
"436","116916622"
"437","116916623"
"438","116916283"
"439","116915861"
"440","116936799"
"441","116916676"
"442","116915483"
"443","116917167"
"444","116915328"
"445","116916711"
"446","116916893"
"447","116918007"
"448","116915608"
"449","116915478"
"450","116916519"
"451","116916668"
"452","116917293"
"453","116916301"
"454","116916213"
"455","116916113"
"456","116917926"
"457","116915754"
"458","116917675"
"459","116915607"
"460","116917300"
"461","116915689"
"462","116917634"
"463","116917604"
"464","116915862"
"465","116915972"
"466","116917931"
"467","116917561"
"468","116915390"
"469","116916724"
"470","116917448"
"471","116915690"
"472","116915489"
"473","116915482"
"474","116917150"
"475","116917970"
"476","116915350"
"477","116915451"
"478","116917560"
"479","116916725"
"480","116916522"
"481","116916204"
"482","116915472"
"483","116916360"
"484","116916913"
"485","116915958"
"486","116915486"
"487","116916476"
"488","116916606"
"489","116916727"
"490","116917391"
"491","116915329"
"492","116917280"
"493","116917508"
"494","116915403"
"495","116916373"
"496","116917423"
"497","116915423"
"498","116915399"
"499","116918034"
"500","116915872"
"501","116916399"
"502","116916347"
"503","116915452"
"504","116915784"
"505","116917733"
"506","116915474"
"507","116917838"
"508","116917041"
"509","116916736"
"510","116916891"
"511","116916447"
"512","116915384"
"513","116917252"
"514","116917086"
"515","116916741"
"516","116917772"
"517","116915922"
"518","116916971"
"519","116915467"
"520","116915641"
"521","116915501"
"522","116917247"
"523","116917776"
"524","116916765"
"525","116917506"
"526","116916927"
"527","116916691"
"528","116915614"
"529","116915938"
"530","116916214"
"531","116915828"
"532","116916189"
"533","116917954"
"534","116917367"
"535","116918035"
"536","116916521"
"537","116915461"
"538","116916690"
"539","116915682"
"540","116915859"
"541","116917058"
"542","116917896"
"543","116915497"
"544","116916234"
"545","116916542"
"546","116917083"
"547","116917290"
"548","116917663"
"549","116916016"
"550","116915441"
"551","116917990"
"552","116916527"
"553","116918045"
"554","116936734"
"555","116917503"
"556","116915359"
"557","116917673"
"558","116916169"
"559","116916564"
"560","116915912"
"561","116917928"
"562","116916363"
"563","116915933"
"564","116915561"
"565","116915825"
"566","116916210"
"567","116917144"
"568","116916669"
"569","116915471"
"570","116916722"
"571","116916480"
"572","116917955"
"573","116916684"
"574","116917809"
"575","116915925"
"576","116916224"
"577","116917203"
"578","116917299"
"579","116917240"
"580","116916259"
"581","116915686"
"582","116917246"
"583","116915787"
"584","116917087"
"585","116917056"
"586","116915415"
"587","116916987"
"588","116918008"
"589","116918005"
"590","116917038"
"591","116916026"
"592","116916264"
"593","116915623"
"594","116916162"
"595","116917993"
"596","116917017"
"597","116915625"
"598","116915779"
"599","116916110"
"600","116915923"
"601","116915397"
"602","116918032"
"603","116916117"
"604","116917590"
"605","116917694"
"606","116915509"
"607","116917983"
"608","116916223"
"609","116915466"
"610","116915873"
"611","116918042"
"612","116917291"
"613","116916982"
"614","116917140"
"615","116917207"
"616","116915319"
"617","116916664"
"618","116917670"
"619","116916277"
"620","116917923"
"621","116915582"
"622","116915458"
"623","116915562"
"624","116917554"
"625","116917142"
"626","116915479"
"627","116917667"
"628","116917055"
"629","116936751"
"630","116917279"
"631","116916770"
"632","116917807"
"633","116915846"
"634","116916557"
"635","116916630"
"636","116915321"
"637","116917994"
"638","116917195"
"639","116917562"
"640","116915588"
"641","116917843"
"642","116917271"
"643","116916255"
"644","116917096"
"645","116917187"
"646","116916410"
"647","116917572"
"648","116915635"
"649","116917527"
"650","116915566"
"651","116915934"
"652","116915443"
"653","116917589"
"654","116917530"
"655","116915688"
"656","116916567"
"657","116916029"
"658","116918009"
"659","116917253"
"660","116915628"
"661","116916751"
"662","116917394"
"663","116916185"
"664","116917152"
"665","116917840"
"666","116917655"
"667","116916504"
"668","116916058"
"669","116917808"
"670","116918027"
"671","116917587"
"672","116915557"
"673","116916887"
"674","116915457"
"675","116916355"
"676","116915376"
"677","116916440"
"678","116917341"
"679","116915667"
"680","116917571"
"681","116917596"
"682","116916007"
"683","116915542"
"684","116916401"
"685","116936750"
"686","116917713"
"687","116916924"
"688","116916816"
"689","116916376"
"690","116917330"
"691","116916789"
"692","116915909"
"693","116917139"
"694","116917725"
"695","116915490"
"696","116916357"
"697","116916806"
"698","116917317"
"699","116917091"
"700","116916085"
"701","116915579"
"702","116916395"
"703","116916886"
"704","116919128"
"705","116919706"
"706","116919067"
"707","116919815"
"708","116919245"
"709","116919230"
"710","116919212"
"711","116919502"
"712","116918596"
"713","116918451"
"714","116919161"
"715","116919847"
"716","116919715"
"717","116918493"
"718","116919077"
"719","116919852"
"720","116918984"
"721","116919533"
"722","116919142"
"723","116919894"
"724","116919771"
"725","116918854"
"726","116918237"
"727","116918968"
"728","116918481"
"729","116918697"
"730","116918797"
"731","116919558"
"732","116918846"
"733","116918165"
"734","116919430"
"735","116919766"
"736","116919246"
"737","116919603"
"738","116918191"
"739","116919134"
"740","116918421"
"741","116918220"
"742","116918368"
"743","116918239"
"744","116918531"
"745","116918337"
"746","116919870"
"747","116918929"
"748","116919700"
"749","116919490"
"750","116918781"
"751","116919761"
"752","116918932"
"753","116919374"
"754","116918757"
"755","116919640"
"756","116918851"
"757","116918488"
"758","116919848"
"759","116919020"
"760","116919195"
"761","116919461"
"762","116919752"
"763","116918828"
"764","116919426"
"765","116918898"
"766","116918939"
"767","116919038"
"768","116919373"
"769","116919182"
"770","116919485"
"771","116918475"
"772","116918715"
"773","116918260"
"774","116919428"
"775","116918530"
"776","116918943"
"777","116918702"
"778","116919295"
"779","116919286"
"780","116918907"
"781","116919496"
"782","116919683"
"783","116919657"
"784","116919632"
"785","116919684"
"786","116918676"
"787","116918325"
"788","116918367"
"789","116918232"
"790","116918934"
"791","116918996"
"792","116919442"
"793","116918401"
"794","116919218"
"795","116918784"
"796","116919285"
"797","116918827"
"798","116919404"
"799","116918169"
"800","116918746"
"801","116918759"
"802","116919694"
"803","116918873"
"804","116918913"
"805","116918147"
"806","116919805"
"807","116918926"
"808","116918386"
"809","116918979"
"810","116919480"
"811","116918524"
"812","116918480"
"813","116919124"
"814","116918523"
"815","116918155"
"816","116919705"
"817","116918615"
"818","116918474"
"819","116919530"
"820","116918318"
"821","116919359"
"822","116919749"
"823","116919835"
"824","116918899"
"825","116918133"
"826","116918144"
"827","116918448"
"828","116918397"
"829","116919236"
"830","116919769"
"831","116919240"
"832","116918422"
"833","116919237"
"834","116918861"
"835","116919379"
"836","116919479"
"837","116918483"
"838","116919716"
"839","116918754"
"840","116918521"
"841","116919446"
"842","116918186"
"843","116918357"
"844","116918864"
"845","116921440"
"846","116921387"
"847","116920368"
"848","116920571"
"849","116920532"
"850","116920697"
"851","116920302"
"852","116921298"
"853","116922051"
"854","116920084"
"855","116920540"
"856","116920590"
"857","116920187"
"858","116919933"
"859","116920907"
"860","116921482"
"861","116921134"
"862","116921079"
"863","116921251"
"864","116922024"
"865","116920833"
"866","116921496"
"867","116921678"
"868","116920824"
"869","116921727"
"870","116921698"
"871","116921822"
"872","116921452"
"873","116922183"
"874","116921183"
"875","116920324"
"876","116921478"
"877","116921999"
"878","116920987"
"879","116921344"
"880","116922177"
"881","116922040"
"882","116921894"
"883","116920001"
"884","116921300"
"885","116922044"
"886","116921691"
"887","116922013"
"888","116921572"
"889","116920210"
"890","116920778"
"891","116921335"
"892","116921559"
"893","116921497"
"894","116919948"
"895","116921342"
"896","116921235"
"897","116919941"
"898","116921247"
"899","116919959"
"900","116920539"
"901","116921299"
"902","116921503"
"903","116921243"
"904","116920775"
"905","116921753"
"906","116920921"
"907","116920580"
"908","116921237"
"909","116921270"
"910","116920526"
"911","116920480"
"912","116920063"
"913","116920999"
"914","116921397"
"915","116920020"
"916","116920839"
"917","116920237"
"918","116921494"
"919","116920282"
"920","116921330"
"921","116920231"
"922","116921895"
"923","116920557"
"924","116921476"
"925","116921398"
"926","116921005"
"927","116921510"
"928","116920543"
"929","116921801"
"930","116921106"
"931","116921490"
"932","116920760"
"933","116921336"
"934","116920938"
"935","116921329"
"936","116921324"
"937","116920855"
"938","116921718"
"939","116920542"
"940","116920752"
"941","116921467"
"942","116921747"
"943","116921465"
"944","116920137"
"945","116921085"
"946","116920956"
"947","116920278"
"948","116920735"
"949","116921176"
"950","116920911"
"951","116921716"
"952","116921133"
"953","116920366"
"954","116921575"
"955","116920577"
"956","116920703"
"957","116920750"
"958","116922163"
"959","116921073"
"960","116921485"
"961","116921583"
"962","116922110"
"963","116922056"
"964","116921331"
"965","116921240"
"966","116920546"
"967","116920919"
"968","116922158"
"969","116921819"
"970","116921504"
"971","116920203"
"972","116921011"
"973","116921101"
"974","116921323"
"975","116920528"
"976","116920075"
"977","116921994"
"978","116921084"
"979","116921001"
"980","116922116"
"981","116922195"
"982","116921526"
"983","116921193"
"984","116920006"
"985","116920402"
"986","116920765"
"987","116920755"
"988","116921280"
"989","116920491"
"990","116921089"
"991","116920867"
"992","116921286"
"993","116920929"
"994","116921110"
"995","116921257"
"996","116920763"
"997","116920930"
"998","116921965"
"999","116921708"
"1000","116920016"
"1001","116920933"
"1002","116921580"
"1003","116919999"
"1004","116920555"
"1005","116922064"
"1006","116921214"
"1007","116921493"
"1008","116920951"
"1009","116921788"
"1010","116921835"
"1011","116921302"
"1012","116920209"
"1013","116920299"
"1014","116920972"
"1015","116920014"
"1016","116921585"
"1017","116920955"
"1018","116921408"
"1019","116921511"
"1020","116922003"
"1021","116920382"
"1022","116921321"
"1023","116920523"
"1024","116922188"
"1025","116921545"
"1026","116921500"
"1027","116921325"
"1028","116921380"
"1029","116920931"
"1030","116921593"
"1031","116920002"
"1032","116920332"
"1033","116920937"
"1034","116920759"
"1035","116922194"
"1036","116920145"
"1037","116920928"
"1038","116921713"
"1039","116921582"
"1040","116921908"
"1041","116921093"
"1042","116921097"
"1043","116920328"
"1044","116920250"
"1045","116921963"
"1046","116920724"
"1047","116921322"
"1048","116920979"
"1049","116920975"
"1050","116921967"
"1051","116921094"
"1052","116921825"
"1053","116920358"
"1054","116920924"
"1055","116921469"
"1056","116920297"
"1057","116920411"
"1058","116920116"
"1059","116921739"
"1060","116921636"
"1061","116922199"
"1062","116920973"
"1063","116920434"
"1064","116920533"
"1065","116920583"
"1066","116920454"
"1067","116920747"
"1068","116920288"
"1069","116920432"
"1070","116920736"
"1071","116922890"
"1072","116924000"
"1073","116923156"
"1074","116923826"
"1075","116923694"
"1076","116923417"
"1077","116923040"
"1078","116923041"
"1079","116922446"
"1080","116923107"
"1081","116924085"
"1082","116923996"
"1083","116922880"
"1084","116922824"
"1085","116923697"
"1086","116922829"
"1087","116924051"
"1088","116922329"
"1089","116922492"
"1090","116922924"
"1091","116924049"
"1092","116924024"
"1093","116923430"
"1094","116922788"
"1095","116923798"
"1096","116922574"
"1097","116922776"
"1098","116923494"
"1099","116924004"
"1100","116923749"
"1101","116923416"
"1102","116923726"
"1103","116922451"
"1104","116922845"
"1105","116922935"
"1106","116923759"
"1107","116923783"
"1108","116922778"
"1109","116923641"
"1110","116922318"
"1111","116922943"
"1112","116922501"
"1113","116923450"
"1114","116922503"
"1115","116923299"
"1116","116923708"
"1117","116923475"
"1118","116923540"
"1119","116922453"
"1120","116923778"
"1121","116922644"
"1122","116923414"
"1123","116923524"
"1124","116922334"
"1125","116923990"
"1126","116922993"
"1127","116924001"
"1128","116922504"
"1129","116923824"
"1130","116922895"
"1131","116922474"
"1132","116922620"
"1133","116923841"
"1134","116923831"
"1135","116924056"
"1136","116924058"
"1137","116923958"
"1138","116922429"
"1139","116923145"
"1140","116923458"
"1141","116923663"
"1142","116923424"
"1143","116922872"
"1144","116922659"
"1145","116923809"
"1146","116923188"
"1147","116924010"
"1148","116923727"
"1149","116923178"
"1150","116922473"
"1151","116922477"
"1152","116922795"
"1153","116922582"
"1154","116922584"
"1155","116923399"
"1156","116922988"
"1157","116923799"
"1158","116923063"
"1159","116922709"
"1160","116923277"
"1161","116922830"
"1162","116922882"
"1163","116922311"
"1164","116924028"
"1165","116923742"
"1166","116922846"
"1167","116923713"
"1168","116923720"
"1169","116923662"
"1170","116922321"
"1171","116922950"
"1172","116922812"
"1173","116922962"
"1174","116922921"
"1175","116922341"
"1176","116923691"
"1177","116922894"
"1178","116924078"
"1179","116923017"
"1180","116922868"
"1181","116922805"
"1182","116923219"
"1183","116923537"
"1184","116923452"
"1185","116923067"
"1186","116923792"
"1187","116924053"
"1188","116922533"
"1189","116922918"
"1190","116923447"
"1191","116923779"
"1192","116924025"
"1193","116923235"
"1194","116923724"
"1195","116923214"
"1196","116922810"
"1197","116924030"
"1198","116923295"
"1199","116922657"
"1200","116923852"
"1201","116922784"
"1202","116922711"
"1203","116923772"
"1204","116923507"
"1205","116923829"
"1206","116923449"
"1207","116922884"
"1208","116923441"
"1209","116923782"
"1210","116923823"
"1211","116922690"
"1212","116923769"
"1213","116924065"
"1214","116924087"
"1215","116922768"
"1216","116923073"
"1217","116923679"
"1218","116922448"
"1219","116922338"
"1220","116923533"
"1221","116923956"
"1222","116922892"
"1223","116923216"
"1224","116923991"
"1225","116922923"
"1226","116922478"
"1227","116923854"
"1228","116923081"
"1229","116923822"
"1230","116923086"
"1231","116922449"
"1232","116923351"
"1233","116922701"
"1234","116922370"
"1235","116922384"
"1236","116922707"
"1237","116922348"
"1238","116922606"
"1239","116923072"
"1240","116923800"
"1241","116922432"
"1242","116923355"
"1243","116922410"
"1244","116925281"
"1245","116925370"
"1246","116925806"
"1247","116924743"
"1248","116924862"
"1249","116925024"
"1250","116925078"
"1251","116924817"
"1252","116924902"
"1253","116924215"
"1254","116924354"
"1255","116925088"
"1256","116925774"
"1257","116924492"
"1258","116924295"
"1259","116924263"
"1260","116925392"
"1261","116925123"
"1262","116924262"
"1263","116924806"
"1264","116925781"
"1265","116925692"
"1266","116924502"
"1267","116925137"
"1268","116925569"
"1269","116925549"
"1270","116925384"
"1271","116924867"
"1272","116925717"
"1273","116924703"
"1274","116925101"
"1275","116924592"
"1276","116925763"
"1277","116925225"
"1278","116925925"
"1279","116924322"
"1280","116925797"
"1281","116924429"
"1282","116925552"
"1283","116925624"
"1284","116924235"
"1285","116925602"
"1286","116924947"
"1287","116925874"
"1288","116925312"
"1289","116925277"
"1290","116925739"
"1291","116925073"
"1292","116924936"
"1293","116924754"
"1294","116925578"
"1295","116924601"
"1296","116925736"
"1297","116925257"
"1298","116924346"
"1299","116925156"
"1300","116925538"
"1301","116925959"
"1302","116924238"
"1303","116924737"
"1304","116924358"
"1305","116924365"
"1306","116925783"
"1307","116924624"
"1308","116924765"
"1309","116924599"
"1310","116925941"
"1311","116925386"
"1312","116925761"
"1313","116925029"
"1314","116924825"
"1315","116924206"
"1316","116924882"
"1317","116925751"
"1318","116925745"
"1319","116925668"
"1320","116925066"
"1321","116925423"
"1322","116925443"
"1323","116924979"
"1324","116925709"
"1325","116925928"
"1326","116924244"
"1327","116924313"
"1328","116925309"
"1329","116924424"
"1330","116925582"
"1331","116925026"
"1332","116925743"
"1333","116925416"
"1334","116925040"
"1335","116924515"
"1336","116925625"
"1337","116925239"
"1338","116925005"
"1339","116925546"
"1340","116925576"
"1341","116924897"
"1342","116924810"
"1343","116925001"
"1344","116924433"
"1345","116924785"
"1346","116925426"
"1347","116925940"
"1348","116925160"
"1349","116925342"
"1350","116924651"
"1351","116924255"
"1352","116924896"
"1353","116925686"
"1354","116925929"
"1355","116925768"
"1356","116924759"
"1357","116925898"
"1358","116925223"
"1359","116925006"
"1360","116924626"
"1361","116925183"
"1362","116925769"
"1363","116924848"
"1364","116925661"
"1365","116924732"
"1366","116924506"
"1367","116924680"
"1368","116924906"
"1369","116924915"
"1370","116924768"
"1371","116925953"
"1372","116925946"
"1373","116924797"
"1374","116925502"
"1375","116925484"
"1376","116925728"
"1377","116925124"
"1378","116924591"
"1379","116924431"
"1380","116925295"
"1381","116925574"
"1382","116925130"
"1383","116925196"
"1384","116924596"
"1385","116925287"
"1386","116925635"
"1387","116924952"
"1388","116924652"
"1389","116925565"
"1390","116924590"
"1391","116925561"
"1392","116925548"
"1393","116924201"
"1394","116925374"
"1395","116925497"
"1396","116925618"
"1397","116925666"
"1398","116924695"
"1399","116925555"
"1400","116924912"
"1401","116924761"
"1402","116925466"
"1403","116925746"
"1404","116925471"
"1405","116925192"
"1406","116925474"
"1407","116924339"
"1408","116925765"
"1409","116924923"
"1410","116925292"
"1411","116924341"
"1412","116925303"
"1413","116924310"
"1414","116925644"
"1415","116924282"
"1416","116925757"
"1417","116925529"
"1418","116925584"
"1419","116925233"
"1420","116925703"
"1421","116925451"
"1422","116925662"
"1423","116924268"
"1424","116925705"
"1425","116924366"
"1426","116925399"
"1427","116925298"
"1428","116925132"
"1429","116925939"
"1430","116925472"
"1431","116925785"
"1432","116924945"
"1433","116925643"
"1434","116925943"
"1435","116924901"
"1436","116928070"
"1437","116926539"
"1438","116926352"
"1439","116927831"
"1440","116926142"
"1441","116927237"
"1442","116926436"
"1443","116926997"
"1444","116927149"
"1445","116928090"
"1446","116927996"
"1447","116927071"
"1448","116926645"
"1449","116927376"
"1450","116926134"
"1451","116926384"
"1452","116926353"
"1453","116926049"
"1454","116926732"
"1455","116928116"
"1456","116927501"
"1457","116927944"
"1458","116926164"
"1459","116926731"
"1460","116928031"
"1461","116926068"
"1462","116926027"
"1463","116927303"
"1464","116927416"
"1465","116928102"
"1466","116927633"
"1467","116928032"
"1468","116927065"
"1469","116927211"
"1470","116927469"
"1471","116927119"
"1472","116927036"
"1473","116927888"
"1474","116927163"
"1475","116927631"
"1476","116926883"
"1477","116927868"
"1478","116926989"
"1479","116927397"
"1480","116928129"
"1481","116926387"
"1482","116926042"
"1483","116927361"
"1484","116927037"
"1485","116926899"
"1486","116927943"
"1487","116926319"
"1488","116926476"
"1489","116927105"
"1490","116926029"
"1491","116926273"
"1492","116927335"
"1493","116926830"
"1494","116926562"
"1495","116927104"
"1496","116926446"
"1497","116926104"
"1498","116926393"
"1499","116926245"
"1500","116927062"
"1501","116927166"
"1502","116927020"
"1503","116927769"
"1504","116928049"
"1505","116926147"
"1506","116926303"
"1507","116926390"
"1508","116927055"
"1509","116927907"
"1510","116926528"
"1511","116927446"
"1512","116927384"
"1513","116927392"
"1514","116926336"
"1515","116926651"
"1516","116927330"
"1517","116927254"
"1518","116927304"
"1519","116927425"
"1520","116926503"
"1521","116928072"
"1522","116927712"
"1523","116927404"
"1524","116927093"
"1525","116927245"
"1526","116927380"
"1527","116926706"
"1528","116926248"
"1529","116926682"
"1530","116927940"
"1531","116927832"
"1532","116926292"
"1533","116927015"
"1534","116926843"
"1535","116927741"
"1536","116927784"
"1537","116926274"
"1538","116926511"
"1539","116927151"
"1540","116927375"
"1541","116926144"
"1542","116926306"
"1543","116927073"
"1544","116926388"
"1545","116927399"
"1546","116926763"
"1547","116927627"
"1548","116926648"
"1549","116926211"
"1550","116926265"
"1551","116927453"
"1552","116926443"
"1553","116926879"
"1554","116927113"
"1555","116926709"
"1556","116927390"
"1557","116926459"
"1558","116927308"
"1559","116926203"
"1560","116928044"
"1561","116927734"
"1562","116926403"
"1563","116927919"
"1564","116927471"
"1565","116927432"
"1566","116928095"
"1567","116927150"
"1568","116926294"
"1569","116927058"
"1570","116926723"
"1571","116927833"
"1572","116926239"
"1573","116927825"
"1574","116926903"
"1575","116926658"
"1576","116927698"
"1577","116927154"
"1578","116928018"
"1579","116926431"
"1580","116927482"
"1581","116926394"
"1582","116926479"
"1583","116926473"
"1584","116926359"
"1585","116928045"
"1586","116926669"
"1587","116926080"
"1588","116926816"
"1589","116927014"
"1590","116926307"
"1591","116927884"
"1592","116927925"
"1593","116926523"
"1594","116926143"
"1595","116926777"
"1596","116927370"
"1597","116927090"
"1598","116926509"
"1599","116926649"
"1600","116927601"
"1601","116927208"
"1602","116927039"
"1603","116927891"
"1604","116926132"
"1605","116927155"
"1606","116926417"
"1607","116927338"
"1608","116927642"
"1609","116927339"
"1610","116927914"
"1611","116926828"
"1612","116928091"
"1613","116927246"
"1614","116925992"
"1615","116927203"
"1616","116926277"
"1617","116927098"
"1618","116928122"
"1619","116927995"
"1620","116928120"
"1621","116926411"
"1622","116926826"
"1623","116926543"
"1624","116927938"
"1625","116926021"
"1626","116926401"
"1627","116926990"
"1628","116927070"
"1629","116926647"
"1630","116927481"
"1631","116926278"
"1632","116927911"
"1633","116927735"
"1634","116928124"
"1635","116927188"
"1636","116926392"
"1637","116926466"
"1638","116927336"
"1639","116928097"
"1640","116927440"
"1641","116927955"
"1642","116926646"
"1643","116926831"
"1644","116926471"
"1645","116927241"
"1646","116927924"
"1647","116927171"
"1648","116926180"
"1649","116927637"
"1650","116927421"
"1651","116926804"
"1652","116926978"
"1653","116927095"
"1654","116927097"
"1655","116925988"
"1656","116925994"
"1657","116927828"
"1658","116927017"
"1659","116927830"
"1660","116927255"
"1661","116928015"
"1662","116928019"
"1663","116926003"
"1664","116926051"
"1665","116925998"
"1666","116926213"
"1667","116927232"
"1668","116926241"
"1669","116928157"
"1670","116927949"
"1671","116926128"
"1672","116926044"
"1673","116926656"
"1674","116926784"
"1675","116927221"
"1676","116927877"
"1677","116926465"
"1678","116926560"
"1679","116926585"
"1680","116927160"
"1681","116928166"
"1682","116926846"
"1683","116927099"
"1684","116927844"
"1685","116925995"
"1686","116927720"
"1687","116926305"
"1688","116927846"
"1689","116926837"
"1690","116927022"
"1691","116927639"
"1692","116927862"
"1693","116927068"
"1694","116927340"
"1695","116926339"
"1696","116927849"
"1697","116927667"
"1698","116926024"
"1699","116926787"
"1700","116926559"
"1701","116926013"
"1702","116926571"
"1703","116927882"
"1704","116927266"
"1705","116927897"
"1706","116926424"
"1707","116927913"
"1708","116928159"
"1709","116926368"
"1710","116927926"
"1711","116926825"
"1712","116926369"
"1713","116927677"
"1714","116926635"
"1715","116927235"
"1716","116928078"
"1717","116926025"
"1718","116927257"
"1719","116928132"
"1720","116927289"
"1721","116929424"
"1722","116929017"
"1723","116929029"
"1724","116929316"
"1725","116929191"
"1726","116929030"
"1727","116929480"
"1728","116929166"
"1729","116929159"
"1730","116928347"
"1731","116929332"
"1732","116929174"
"1733","116929150"
"1734","116928620"
"1735","116929698"
"1736","116929499"
"1737","116929086"
"1738","116929033"
"1739","116929315"
"1740","116929335"
"1741","116929382"
"1742","116928432"
"1743","116928461"
"1744","116929837"
"1745","116929024"
"1746","116929141"
"1747","116929841"
"1748","116929495"
"1749","116929169"
"1750","116929656"
"1751","116929657"
"1752","116929545"
"1753","116929247"
"1754","116929026"
"1755","116929808"
"1756","116929194"
"1757","116928854"
"1758","116929496"
"1759","116928964"
"1760","116928368"
"1761","116928744"
"1762","116929414"
"1763","116928842"
"1764","116928360"
"1765","116929043"
"1766","116928791"
"1767","116928844"
"1768","116929386"
"1769","116929825"
"1770","116929001"
"1771","116929546"
"1772","116928286"
"1773","116929338"
"1774","116929371"
"1775","116928810"
"1776","116929167"
"1777","116928491"
"1778","116929124"
"1779","116928422"
"1780","116929155"
"1781","116928275"
"1782","116929472"
"1783","116928871"
"1784","116928451"
"1785","116928346"
"1786","116928907"
"1787","116928623"
"1788","116928375"
"1789","116929154"
"1790","116928894"
"1791","116929536"
"1792","116928255"
"1793","116928835"
"1794","116929319"
"1795","116929281"
"1796","116928514"
"1797","116928247"
"1798","116929326"
"1799","116928513"
"1800","116929047"
"1801","116929082"
"1802","116929088"
"1803","116929431"
"1804","116928732"
"1805","116929156"
"1806","116929000"
"1807","116929708"
"1808","116929074"
"1809","116928887"
"1810","116929675"
"1811","116929280"
"1812","116929120"
"1813","116928944"
"1814","116929440"
"1815","116929764"
"1816","116928345"
"1817","116929039"
"1818","116929005"
"1819","116928681"
"1820","116928608"
"1821","116928523"
"1822","116929653"
"1823","116928737"
"1824","116929439"
"1825","116928942"
"1826","116928593"
"1827","116929273"
"1828","116928251"
"1829","116928531"
"1830","116929051"
"1831","116929742"
"1832","116928354"
"1833","116929400"
"1834","116929654"
"1835","116929577"
"1836","116928937"
"1837","116929235"
"1838","116929060"
"1839","116928949"
"1840","116929753"
"1841","116929452"
"1842","116928543"
"1843","116928258"
"1844","116929344"
"1845","116929750"
"1846","116929618"
"1847","116929690"
"1848","116929357"
"1849","116928564"
"1850","116929145"
"1851","116928572"
"1852","116929534"
"1853","116928447"
"1854","116929066"
"1855","116929739"
"1856","116929716"
"1857","116928808"
"1858","116929376"
"1859","116928295"
"1860","116929568"
"1861","116929402"
"1862","116929693"
"1863","116928761"
"1864","116928287"
"1865","116929336"
"1866","116928342"
"1867","116929718"
"1868","116929717"
"1869","116929254"
"1870","116929337"
"1871","116929288"
"1872","116929073"
"1873","116929069"
"1874","116929144"
"1875","116929817"
"1876","116929350"
"1877","116928435"
"1878","116929334"
"1879","116929392"
"1880","116929594"
"1881","116928994"
"1882","116929592"
"1883","116928409"
"1884","116928856"
"1885","116929333"
"1886","116929152"
"1887","116929095"
"1888","116929330"
"1889","116929828"
"1890","116928439"
"1891","116928348"
"1892","116929348"
"1893","116929679"
"1894","116928536"
"1895","116928909"
"1896","116929531"
"1897","116929435"
"1898","116929484"
"1899","116929158"
"1900","116929153"
"1901","116928466"
"1902","116929331"
"1903","116929211"
"1904","116929867"
"1905","116929503"
"1906","116928307"
"1907","116928739"
"1908","116928294"
"1909","116928970"
"1910","116928981"
"1911","116928834"
"1912","116929177"
"1913","116929540"
"1914","116928524"
"1915","116928518"
"1916","116929765"
"1917","116929108"
"1918","116930346"
"1919","116930076"
"1920","116931084"
"1921","116930291"
"1922","116931189"
"1923","116930021"
"1924","116930449"
"1925","116931275"
"1926","116930292"
"1927","116931367"
"1928","116930743"
"1929","116931093"
"1930","116930362"
"1931","116930964"
"1932","116930101"
"1933","116930316"
"1934","116930770"
"1935","116930177"
"1936","116931135"
"1937","116930136"
"1938","116931232"
"1939","116930216"
"1940","116930985"
"1941","116930857"
"1942","116930236"
"1943","116930105"
"1944","116931087"
"1945","116930240"
"1946","116930874"
"1947","116930185"
"1948","116929995"
"1949","116930435"
"1950","116931366"
"1951","116929953"
"1952","116930124"
"1953","116930813"
"1954","116930689"
"1955","116930640"
"1956","116930968"
"1957","116930926"
"1958","116931105"
"1959","116930889"
"1960","116930407"
"1961","116930309"
"1962","116930398"
"1963","116930017"
"1964","116930878"
"1965","116931111"
"1966","116930886"
"1967","116930662"
"1968","116931389"
"1969","116930219"
"1970","116930620"
"1971","116931039"
"1972","116930716"
"1973","116931086"
"1974","116930812"
"1975","116930195"
"1976","116931391"
"1977","116929938"
"1978","116931110"
"1979","116931032"
"1980","116929970"
"1981","116931206"
"1982","116930746"
"1983","116930949"
"1984","116929945"
"1985","116931345"
"1986","116930930"
"1987","116930636"
"1988","116930702"
"1989","116930625"
"1990","116931443"
"1991","116930007"
"1992","116929991"
"1993","116929992"
"1994","116930729"
"1995","116930127"
"1996","116930146"
"1997","116931332"
"1998","116930070"
"1999","116930705"
"2000","116931374"
"2001","116930284"
"2002","116929936"
"2003","116931377"
"2004","116930210"
"2005","116931398"
"2006","116930544"
"2007","116931208"
"2008","116931031"
"2009","116931277"
"2010","116931038"
"2011","116930314"
"2012","116930010"
"2013","116930440"
"2014","116930366"
"2015","116931378"
"2016","116931192"
"2017","116929961"
"2018","116931051"
"2019","116930597"
"2020","116930063"
"2021","116930151"
"2022","116931182"
"2023","116931382"
"2024","116931346"
"2025","116931406"
"2026","116931127"
"2027","116930678"
"2028","116930028"
"2029","116931342"
"2030","116930068"
"2031","116931380"
"2032","116930570"
"2033","116931095"
"2034","116930081"
"2035","116930354"
"2036","116931247"
"2037","116931152"
"2038","116930745"
"2039","116931145"
"2040","116931352"
"2041","116931217"
"2042","116931020"
"2043","116931203"
"2044","116931149"
"2045","116930731"
"2046","116930991"
"2047","116931180"
"2048","116929982"
"2049","116930652"
"2050","116931417"
"2051","116930928"
"2052","116930545"
"2053","116931422"
"2054","116930688"
"2055","116930997"
"2056","116930631"
"2057","116930767"
"2058","116931161"
"2059","116929963"
"2060","116930331"
"2061","116931418"
"2062","116930223"
"2063","116931423"
"2064","116931165"
"2065","116930475"
"2066","116931429"
"2067","116930137"
"2068","116930056"
"2069","116930920"
"2070","116930300"
"2071","116932838"
"2072","116932857"
"2073","116932991"
"2074","116932142"
"2075","116932336"
"2076","116932869"
"2077","116932269"
"2078","116932593"
"2079","116931589"
"2080","116932347"
"2081","116931841"
"2082","116932187"
"2083","116932392"
"2084","116932138"
"2085","116931598"
"2086","116931599"
"2087","116932816"
"2088","116932163"
"2089","116932769"
"2090","116932768"
"2091","116931569"
"2092","116932899"
"2093","116931749"
"2094","116933033"
"2095","116932198"
"2096","116931840"
"2097","116931722"
"2098","116932657"
"2099","116932037"
"2100","116931742"
"2101","116933006"
"2102","116931878"
"2103","116932373"
"2104","116932139"
"2105","116932345"
"2106","116932372"
"2107","116932314"
"2108","116932802"
"2109","116932835"
"2110","116932228"
"2111","116932791"
"2112","116932650"
"2113","116931585"
"2114","116931586"
"2115","116932539"
"2116","116932376"
"2117","116931906"
"2118","116931762"
"2119","116932067"
"2120","116932543"
"2121","116932055"
"2122","116931740"
"2123","116931822"
"2124","116932014"
"2125","116933062"
"2126","116932801"
"2127","116931858"
"2128","116932709"
"2129","116932889"
"2130","116931606"
"2131","116931819"
"2132","116931725"
"2133","116932040"
"2134","116932132"
"2135","116931519"
"2136","116932346"
"2137","116931746"
"2138","116931588"
"2139","116931531"
"2140","116931881"
"2141","116932849"
"2142","116931594"
"2143","116932765"
"2144","116932013"
"2145","116931894"
"2146","116932764"
"2147","116931866"
"2148","116932113"
"2149","116932892"
"2150","116932017"
"2151","116932391"
"2152","116931587"
"2153","116931909"
"2154","116932716"
"2155","116932101"
"2156","116932602"
"2157","116932688"
"2158","116932563"
"2159","116931592"
"2160","116932570"
"2161","116932317"
"2162","116931534"
"2163","116931747"
"2164","116932979"
"2165","116931530"
"2166","116933043"
"2167","116932191"
"2168","116933008"
"2169","116931679"
"2170","116932770"
"2171","116932174"
"2172","116932022"
"2173","116932148"
"2174","116932763"
"2175","116932600"
"2176","116932414"
"2177","116932689"
"2178","116932663"
"2179","116931658"
"2180","116932112"
"2181","116932310"
"2182","116932402"
"2183","116932862"
"2184","116931761"
"2185","116932827"
"2186","116931764"
"2187","116932320"
"2188","116932117"
"2189","116932914"
"2190","116932307"
"2191","116932649"
"2192","116931646"
"2193","116931542"
"2194","116932289"
"2195","116932960"
"2196","116932692"
"2197","116932915"
"2198","116932622"
"2199","116932549"
"2200","116931955"
"2201","116931750"
"2202","116932002"
"2203","116932099"
"2204","116931532"
"2205","116932104"
"2206","116931520"
"2207","116931756"
"2208","116932403"
"2209","116931579"
"2210","116932049"
"2211","116931568"
"2212","116932259"
"2213","116931990"
"2214","116931552"
"2215","116932070"
"2216","116932209"
"2217","116931988"
"2218","116932239"
"2219","116931757"
"2220","116932188"
"2221","116932356"
"2222","116931578"
"2223","116932069"
"2224","116932588"
"2225","116932700"
"2226","116932100"
"2227","116932626"
"2228","116931751"
"2229","116932122"
"2230","116931602"
"2231","116933000"
"2232","116932973"
"2233","116933014"
"2234","116931720"
"2235","116932786"
"2236","116932579"
"2237","116931885"
"2238","116933111"
"2239","116933119"
"2240","116933123"
"2241","116933126"
"2242","116933144"
"2243","116933154"
"2244","116933177"
"2245","116933195"
"2246","116933202"
"2247","116933229"
"2248","116933236"
"2249","116933254"
"2250","116933279"
"2251","116933302"
"2252","116933320"
"2253","116933321"
"2254","116933380"
"2255","116933407"
"2256","116933406"
"2257","116933411"
"2258","116933414"
"2259","116933423"
"2260","116933421"
"2261","116933424"
"2262","116933457"
"2263","116933461"
"2264","116933496"
"2265","116933498"
"2266","116933504"
"2267","116933506"
"2268","116933507"
"2269","116933527"
"2270","116933536"
"2271","116933554"
"2272","116933560"
"2273","116933575"
"2274","116933590"
"2275","116933591"
"2276","116933604"
"2277","116933610"
"2278","116933621"
"2279","116933624"
"2280","116933625"
"2281","116933630"
"2282","116933682"
"2283","116933683"
"2284","116933702"
"2285","116933715"
"2286","116933743"
"2287","116933744"
"2288","116933745"
"2289","116933750"
"2290","116933761"
"2291","116933770"
"2292","116933776"
"2293","116933777"
"2294","116933778"
"2295","116933805"
"2296","116933811"
"2297","116933810"
"2298","116933861"
"2299","116933862"
"2300","116933863"
"2301","116933883"
"2302","116933892"
"2303","116933898"
"2304","116933900"
"2305","116933921"
"2306","116933925"
"2307","116933939"
"2308","116933951"
"2309","116933953"
"2310","116933989"
"2311","116934010"
"2312","116934015"
"2313","116934023"
"2314","116934033"
"2315","116934041"
"2316","116934060"
"2317","116934066"
"2318","116934086"
"2319","116934094"
"2320","116934104"
"2321","116934137"
"2322","116934139"
"2323","116934155"
"2324","116934156"
"2325","116934174"
"2326","116934178"
"2327","116934186"
"2328","116934194"
"2329","116934197"
"2330","116934215"
"2331","116934229"
"2332","116934248"
"2333","116934265"
"2334","116934266"
"2335","116934267"
"2336","116934276"
"2337","116934283"
"2338","116934305"
"2339","116934304"
"2340","116934308"
"2341","116934318"
"2342","116934323"
"2343","116934324"
"2344","116934325"
"2345","116934335"
"2346","116934336"
"2347","116934352"
"2348","116934356"
"2349","116934357"
"2350","116934366"
"2351","116934387"
"2352","116934389"
"2353","116934399"
"2354","116934417"
"2355","116934421"
"2356","116934426"
"2357","116934428"
"2358","116934437"
"2359","116934442"
"2360","116934456"
"2361","116934467"
"2362","116934477"
"2363","116934490"
"2364","116934496"
"2365","116934497"
"2366","116934555"
"2367","116934581"
"2368","116934593"
"2369","116934633"
"2370","116934640"
"2371","116934679"
"2372","116934692"
"2373","116934716"
"2374","116934718"
"2375","116934720"
"2376","116934731"
"2377","116934742"
"2378","116934764"
"2379","116934784"
"2380","116934792"
"2381","116934797"
"2382","116934801"
"2383","116934802"
"2384","116934826"
"2385","116934831"
"2386","116934835"
"2387","116934837"
"2388","116934838"
"2389","116934839"
"2390","116934852"
"2391","116934863"
"2392","116934888"
"2393","116934957"
"2394","116934966"
"2395","116934977"
"2396","116934989"
"2397","116935001"
"2398","116935003"
"2399","116935009"
"2400","116935031"
"2401","116935033"
"2402","116935053"
"2403","116935074"
"2404","116935075"
"2405","116935076"
"2406","116935078"
"2407","116935081"
"2408","116935111"
"2409","116935139"
"2410","116935145"
"2411","116935159"
"2412","116935184"
"2413","116935209"
"2414","116935238"
"2415","116935219"
"2416","116935216"
"2417","116935247"
"2418","116935222"
"2419","116935230"
"2420","116935253"
"2421","116935268"
"2422","116935275"
"2423","116935309"
"2424","116935313"
"2425","116935332"
"2426","116935340"
"2427","116935344"
"2428","116935347"
"2429","116935357"
"2430","116935391"
"2431","116935392"
"2432","116935401"
"2433","116935414"
"2434","116935420"
"2435","116935432"
"2436","116935439"
"2437","116935440"
"2438","116935488"
"2439","116935509"
"2440","116935538"
"2441","116935638"
"2442","116935653"
"2443","116935749"
"2444","116935812"
"2445","116935912"
"2446","116935949"
"2447","116935951"
"2448","116935969"
"2449","116935974"
"2450","116935980"
"2451","116936000"
"2452","116936002"
"2453","116936030"
"2454","116936036"
"2455","116936041"
"2456","116936073"
"2457","116936081"
"2458","116936083"
"2459","116936084"
"2460","116936122"
"2461","116936136"
"2462","116936196"
"2463","116936216"
"2464","116936229"
"2465","116936234"
"2466","116936283"
"2467","116936284"
"2468","116936333"
"2469","116936347"
"2470","116936363"
