"","sig_genes_pval_lmdme"
"1","116915308"
"2","116915313"
"3","116915319"
"4","116915321"
"5","116915327"
"6","116915328"
"7","116915329"
"8","116915331"
"9","116915333"
"10","116915338"
"11","116915339"
"12","116915346"
"13","116915361"
"14","116915367"
"15","116915371"
"16","116915384"
"17","116915389"
"18","116915390"
"19","116915397"
"20","116915399"
"21","116915401"
"22","116915403"
"23","116915413"
"24","116915415"
"25","116915417"
"26","116915426"
"27","116915438"
"28","116915441"
"29","116915442"
"30","116915444"
"31","116915448"
"32","116915449"
"33","116915450"
"34","116915452"
"35","116915462"
"36","116915463"
"37","116915464"
"38","116915469"
"39","116915473"
"40","116915478"
"41","116915480"
"42","116915491"
"43","116915494"
"44","116915495"
"45","116915500"
"46","116915509"
"47","116915517"
"48","116915520"
"49","116915521"
"50","116915525"
"51","116915527"
"52","116915532"
"53","116915534"
"54","116915535"
"55","116915536"
"56","116915537"
"57","116915538"
"58","116915539"
"59","116915541"
"60","116915542"
"61","116915545"
"62","116915551"
"63","116915561"
"64","116915562"
"65","116915566"
"66","116915588"
"67","116915589"
"68","116915607"
"69","116915614"
"70","116915618"
"71","116915625"
"72","116915628"
"73","116915630"
"74","116915631"
"75","116915646"
"76","116915649"
"77","116915653"
"78","116915666"
"79","116915673"
"80","116915680"
"81","116915686"
"82","116915688"
"83","116915689"
"84","116915693"
"85","116915697"
"86","116915702"
"87","116915733"
"88","116915739"
"89","116915741"
"90","116915754"
"91","116915765"
"92","116915784"
"93","116915787"
"94","116915814"
"95","116915826"
"96","116915832"
"97","116915846"
"98","116915856"
"99","116915861"
"100","116915862"
"101","116915866"
"102","116915873"
"103","116915883"
"104","116915885"
"105","116915888"
"106","116915909"
"107","116915912"
"108","116915922"
"109","116915928"
"110","116915933"
"111","116915938"
"112","116915940"
"113","116915943"
"114","116915949"
"115","116915973"
"116","116915979"
"117","116916001"
"118","116916007"
"119","116916016"
"120","116916026"
"121","116916032"
"122","116916036"
"123","116916053"
"124","116916058"
"125","116916071"
"126","116916080"
"127","116916097"
"128","116916100"
"129","116916102"
"130","116916110"
"131","116916112"
"132","116916113"
"133","116916117"
"134","116916118"
"135","116916120"
"136","116916127"
"137","116916162"
"138","116916169"
"139","116916185"
"140","116916189"
"141","116916204"
"142","116916213"
"143","116916214"
"144","116916224"
"145","116916232"
"146","116916234"
"147","116916250"
"148","116916254"
"149","116916255"
"150","116916259"
"151","116916260"
"152","116916272"
"153","116916274"
"154","116916277"
"155","116916278"
"156","116916283"
"157","116916300"
"158","116916321"
"159","116916340"
"160","116916346"
"161","116916347"
"162","116916351"
"163","116916355"
"164","116916357"
"165","116916358"
"166","116916360"
"167","116916370"
"168","116916373"
"169","116916391"
"170","116916397"
"171","116916398"
"172","116916399"
"173","116916401"
"174","116916435"
"175","116916447"
"176","116916476"
"177","116916479"
"178","116916480"
"179","116916484"
"180","116916521"
"181","116916526"
"182","116916532"
"183","116916542"
"184","116916554"
"185","116916560"
"186","116916564"
"187","116916567"
"188","116916580"
"189","116916587"
"190","116916606"
"191","116916630"
"192","116916633"
"193","116916637"
"194","116916669"
"195","116916670"
"196","116916672"
"197","116916673"
"198","116916674"
"199","116916676"
"200","116916682"
"201","116916687"
"202","116916691"
"203","116916692"
"204","116916705"
"205","116916711"
"206","116916719"
"207","116916722"
"208","116916724"
"209","116916727"
"210","116916732"
"211","116916735"
"212","116916736"
"213","116916741"
"214","116916751"
"215","116916760"
"216","116916767"
"217","116916776"
"218","116916783"
"219","116916784"
"220","116916794"
"221","116916800"
"222","116916816"
"223","116916824"
"224","116916886"
"225","116916901"
"226","116916913"
"227","116916924"
"228","116916927"
"229","116916929"
"230","116916934"
"231","116916971"
"232","116916972"
"233","116916979"
"234","116916982"
"235","116916990"
"236","116916996"
"237","116917017"
"238","116917037"
"239","116917038"
"240","116917041"
"241","116917050"
"242","116917056"
"243","116917070"
"244","116917086"
"245","116917087"
"246","116917089"
"247","116917091"
"248","116917096"
"249","116917109"
"250","116917110"
"251","116917111"
"252","116917113"
"253","116917127"
"254","116917140"
"255","116917142"
"256","116917149"
"257","116917150"
"258","116917151"
"259","116917152"
"260","116917158"
"261","116917167"
"262","116917187"
"263","116917195"
"264","116917206"
"265","116917207"
"266","116917228"
"267","116917229"
"268","116917233"
"269","116917240"
"270","116917246"
"271","116917247"
"272","116917249"
"273","116917253"
"274","116917254"
"275","116917256"
"276","116917271"
"277","116917279"
"278","116917283"
"279","116917290"
"280","116917291"
"281","116917293"
"282","116917296"
"283","116917299"
"284","116917300"
"285","116917315"
"286","116917316"
"287","116917325"
"288","116917330"
"289","116917346"
"290","116917355"
"291","116917367"
"292","116917371"
"293","116917372"
"294","116917374"
"295","116917384"
"296","116917391"
"297","116917413"
"298","116917422"
"299","116917423"
"300","116917426"
"301","116917438"
"302","116917448"
"303","116917458"
"304","116917461"
"305","116917467"
"306","116917494"
"307","116917503"
"308","116917506"
"309","116917507"
"310","116917508"
"311","116917520"
"312","116917527"
"313","116917530"
"314","116917540"
"315","116917547"
"316","116917555"
"317","116917561"
"318","116917562"
"319","116917569"
"320","116917572"
"321","116917586"
"322","116917587"
"323","116917589"
"324","116917590"
"325","116917591"
"326","116917596"
"327","116917600"
"328","116917603"
"329","116917635"
"330","116917639"
"331","116917655"
"332","116917666"
"333","116917667"
"334","116917670"
"335","116917673"
"336","116917689"
"337","116917690"
"338","116917694"
"339","116917713"
"340","116917718"
"341","116917719"
"342","116917762"
"343","116917772"
"344","116917773"
"345","116917784"
"346","116917808"
"347","116917809"
"348","116917811"
"349","116917831"
"350","116917859"
"351","116917862"
"352","116917869"
"353","116917878"
"354","116917884"
"355","116917907"
"356","116917908"
"357","116917910"
"358","116917916"
"359","116917920"
"360","116917922"
"361","116917923"
"362","116917928"
"363","116917929"
"364","116917931"
"365","116917939"
"366","116917952"
"367","116917955"
"368","116917980"
"369","116917983"
"370","116917988"
"371","116917990"
"372","116918002"
"373","116918003"
"374","116918008"
"375","116918009"
"376","116918010"
"377","116918016"
"378","116918027"
"379","116918029"
"380","116918032"
"381","116918034"
"382","116918035"
"383","116918039"
"384","116918040"
"385","116918042"
"386","116918045"
"387","116918049"
"388","116918056"
"389","116918133"
"390","116918144"
"391","116918147"
"392","116918155"
"393","116918163"
"394","116918165"
"395","116918168"
"396","116918169"
"397","116918186"
"398","116918191"
"399","116918203"
"400","116918220"
"401","116918228"
"402","116918231"
"403","116918232"
"404","116918237"
"405","116918260"
"406","116918261"
"407","116918294"
"408","116918295"
"409","116918308"
"410","116918309"
"411","116918319"
"412","116918325"
"413","116918337"
"414","116918339"
"415","116918341"
"416","116918357"
"417","116918367"
"418","116918368"
"419","116918377"
"420","116918388"
"421","116918393"
"422","116918397"
"423","116918398"
"424","116918401"
"425","116918420"
"426","116918421"
"427","116918446"
"428","116918448"
"429","116918451"
"430","116918468"
"431","116918474"
"432","116918475"
"433","116918480"
"434","116918481"
"435","116918488"
"436","116918489"
"437","116918501"
"438","116918507"
"439","116918509"
"440","116918523"
"441","116918524"
"442","116918574"
"443","116918614"
"444","116918635"
"445","116918676"
"446","116918680"
"447","116918697"
"448","116918698"
"449","116918702"
"450","116918708"
"451","116918715"
"452","116918728"
"453","116918735"
"454","116918746"
"455","116918754"
"456","116918757"
"457","116918759"
"458","116918761"
"459","116918770"
"460","116918775"
"461","116918781"
"462","116918785"
"463","116918793"
"464","116918818"
"465","116918824"
"466","116918827"
"467","116918846"
"468","116918851"
"469","116918853"
"470","116918854"
"471","116918860"
"472","116918861"
"473","116918873"
"474","116918885"
"475","116918890"
"476","116918898"
"477","116918907"
"478","116918909"
"479","116918911"
"480","116918913"
"481","116918926"
"482","116918929"
"483","116918932"
"484","116918933"
"485","116918934"
"486","116918939"
"487","116918942"
"488","116918943"
"489","116918955"
"490","116918957"
"491","116918968"
"492","116918974"
"493","116918979"
"494","116918984"
"495","116918985"
"496","116918995"
"497","116918996"
"498","116919002"
"499","116919014"
"500","116919020"
"501","116919026"
"502","116919031"
"503","116919032"
"504","116919034"
"505","116919043"
"506","116919044"
"507","116919050"
"508","116919067"
"509","116919073"
"510","116919077"
"511","116919112"
"512","116919123"
"513","116919124"
"514","116919131"
"515","116919134"
"516","116919149"
"517","116919160"
"518","116919162"
"519","116919182"
"520","116919193"
"521","116919206"
"522","116919212"
"523","116919218"
"524","116919227"
"525","116919230"
"526","116919236"
"527","116919237"
"528","116919239"
"529","116919245"
"530","116919246"
"531","116919276"
"532","116919286"
"533","116919294"
"534","116919295"
"535","116919296"
"536","116919341"
"537","116919359"
"538","116919369"
"539","116919373"
"540","116919374"
"541","116919376"
"542","116919379"
"543","116919403"
"544","116919404"
"545","116919411"
"546","116919426"
"547","116919428"
"548","116919430"
"549","116919442"
"550","116919446"
"551","116919461"
"552","116919483"
"553","116919486"
"554","116919490"
"555","116919493"
"556","116919501"
"557","116919507"
"558","116919530"
"559","116919533"
"560","116919544"
"561","116919550"
"562","116919552"
"563","116919554"
"564","116919558"
"565","116919584"
"566","116919617"
"567","116919626"
"568","116919632"
"569","116919640"
"570","116919657"
"571","116919665"
"572","116919683"
"573","116919684"
"574","116919685"
"575","116919694"
"576","116919697"
"577","116919700"
"578","116919705"
"579","116919715"
"580","116919716"
"581","116919745"
"582","116919749"
"583","116919752"
"584","116919761"
"585","116919766"
"586","116919769"
"587","116919770"
"588","116919771"
"589","116919772"
"590","116919793"
"591","116919805"
"592","116919815"
"593","116919847"
"594","116919848"
"595","116919852"
"596","116919870"
"597","116919872"
"598","116919874"
"599","116919879"
"600","116919887"
"601","116919894"
"602","116919902"
"603","116919936"
"604","116919946"
"605","116919948"
"606","116919959"
"607","116919998"
"608","116919999"
"609","116920003"
"610","116920010"
"611","116920011"
"612","116920020"
"613","116920022"
"614","116920049"
"615","116920058"
"616","116920063"
"617","116920074"
"618","116920075"
"619","116920084"
"620","116920116"
"621","116920130"
"622","116920145"
"623","116920151"
"624","116920161"
"625","116920163"
"626","116920184"
"627","116920192"
"628","116920200"
"629","116920201"
"630","116920204"
"631","116920209"
"632","116920227"
"633","116920231"
"634","116920237"
"635","116920240"
"636","116920244"
"637","116920250"
"638","116920274"
"639","116920278"
"640","116920281"
"641","116920282"
"642","116920297"
"643","116920299"
"644","116920300"
"645","116920318"
"646","116920322"
"647","116920330"
"648","116920331"
"649","116920332"
"650","116920335"
"651","116920336"
"652","116920358"
"653","116920366"
"654","116920368"
"655","116920370"
"656","116920393"
"657","116920402"
"658","116920409"
"659","116920411"
"660","116920431"
"661","116920434"
"662","116920461"
"663","116920480"
"664","116920491"
"665","116920523"
"666","116920526"
"667","116920528"
"668","116920532"
"669","116920533"
"670","116920539"
"671","116920540"
"672","116920542"
"673","116920543"
"674","116920546"
"675","116920551"
"676","116920555"
"677","116920557"
"678","116920577"
"679","116920590"
"680","116920596"
"681","116920616"
"682","116920682"
"683","116920688"
"684","116920689"
"685","116920699"
"686","116920703"
"687","116920736"
"688","116920743"
"689","116920746"
"690","116920750"
"691","116920753"
"692","116920754"
"693","116920755"
"694","116920761"
"695","116920772"
"696","116920774"
"697","116920790"
"698","116920817"
"699","116920824"
"700","116920829"
"701","116920833"
"702","116920839"
"703","116920852"
"704","116920867"
"705","116920872"
"706","116920887"
"707","116920893"
"708","116920911"
"709","116920912"
"710","116920919"
"711","116920924"
"712","116920925"
"713","116920928"
"714","116920929"
"715","116920930"
"716","116920931"
"717","116920932"
"718","116920933"
"719","116920937"
"720","116920938"
"721","116920955"
"722","116920956"
"723","116920963"
"724","116920972"
"725","116920973"
"726","116920975"
"727","116920979"
"728","116920987"
"729","116921001"
"730","116921002"
"731","116921005"
"732","116921006"
"733","116921010"
"734","116921020"
"735","116921031"
"736","116921038"
"737","116921073"
"738","116921079"
"739","116921084"
"740","116921085"
"741","116921089"
"742","116921093"
"743","116921094"
"744","116921101"
"745","116921106"
"746","116921110"
"747","116921122"
"748","116921133"
"749","116921136"
"750","116921150"
"751","116921158"
"752","116921176"
"753","116921183"
"754","116921185"
"755","116921193"
"756","116921198"
"757","116921199"
"758","116921216"
"759","116921233"
"760","116921235"
"761","116921237"
"762","116921243"
"763","116921247"
"764","116921257"
"765","116921286"
"766","116921299"
"767","116921318"
"768","116921321"
"769","116921322"
"770","116921323"
"771","116921324"
"772","116921326"
"773","116921327"
"774","116921328"
"775","116921330"
"776","116921331"
"777","116921332"
"778","116921335"
"779","116921336"
"780","116921341"
"781","116921343"
"782","116921344"
"783","116921349"
"784","116921363"
"785","116921373"
"786","116921380"
"787","116921384"
"788","116921408"
"789","116921409"
"790","116921417"
"791","116921440"
"792","116921447"
"793","116921452"
"794","116921462"
"795","116921463"
"796","116921465"
"797","116921467"
"798","116921469"
"799","116921476"
"800","116921478"
"801","116921482"
"802","116921485"
"803","116921499"
"804","116921500"
"805","116921502"
"806","116921503"
"807","116921504"
"808","116921545"
"809","116921550"
"810","116921554"
"811","116921559"
"812","116921564"
"813","116921571"
"814","116921572"
"815","116921579"
"816","116921580"
"817","116921583"
"818","116921593"
"819","116921603"
"820","116921605"
"821","116921634"
"822","116921636"
"823","116921638"
"824","116921653"
"825","116921656"
"826","116921678"
"827","116921686"
"828","116921687"
"829","116921691"
"830","116921697"
"831","116921698"
"832","116921715"
"833","116921716"
"834","116921727"
"835","116921732"
"836","116921739"
"837","116921788"
"838","116921798"
"839","116921801"
"840","116921804"
"841","116921805"
"842","116921813"
"843","116921815"
"844","116921816"
"845","116921819"
"846","116921823"
"847","116921824"
"848","116921835"
"849","116921838"
"850","116921872"
"851","116921873"
"852","116921894"
"853","116921895"
"854","116921905"
"855","116921908"
"856","116921909"
"857","116921920"
"858","116921922"
"859","116921950"
"860","116921954"
"861","116921963"
"862","116921965"
"863","116921994"
"864","116921999"
"865","116922004"
"866","116922010"
"867","116922013"
"868","116922019"
"869","116922040"
"870","116922042"
"871","116922044"
"872","116922045"
"873","116922067"
"874","116922112"
"875","116922114"
"876","116922128"
"877","116922140"
"878","116922163"
"879","116922177"
"880","116922179"
"881","116922183"
"882","116922185"
"883","116922194"
"884","116922238"
"885","116922267"
"886","116922311"
"887","116922318"
"888","116922321"
"889","116922325"
"890","116922329"
"891","116922334"
"892","116922336"
"893","116922348"
"894","116922370"
"895","116922414"
"896","116922422"
"897","116922429"
"898","116922432"
"899","116922446"
"900","116922449"
"901","116922451"
"902","116922453"
"903","116922460"
"904","116922466"
"905","116922474"
"906","116922477"
"907","116922478"
"908","116922492"
"909","116922498"
"910","116922504"
"911","116922521"
"912","116922533"
"913","116922540"
"914","116922542"
"915","116922544"
"916","116922548"
"917","116922549"
"918","116922584"
"919","116922620"
"920","116922622"
"921","116922644"
"922","116922690"
"923","116922701"
"924","116922707"
"925","116922709"
"926","116922724"
"927","116922740"
"928","116922744"
"929","116922767"
"930","116922768"
"931","116922770"
"932","116922774"
"933","116922778"
"934","116922779"
"935","116922782"
"936","116922788"
"937","116922795"
"938","116922797"
"939","116922801"
"940","116922805"
"941","116922810"
"942","116922811"
"943","116922813"
"944","116922829"
"945","116922838"
"946","116922841"
"947","116922846"
"948","116922852"
"949","116922858"
"950","116922864"
"951","116922869"
"952","116922880"
"953","116922884"
"954","116922889"
"955","116922912"
"956","116922913"
"957","116922918"
"958","116922919"
"959","116922921"
"960","116922922"
"961","116922923"
"962","116922924"
"963","116922934"
"964","116922943"
"965","116922950"
"966","116922962"
"967","116922978"
"968","116922988"
"969","116922993"
"970","116923014"
"971","116923017"
"972","116923030"
"973","116923031"
"974","116923032"
"975","116923033"
"976","116923037"
"977","116923040"
"978","116923041"
"979","116923059"
"980","116923063"
"981","116923064"
"982","116923067"
"983","116923068"
"984","116923072"
"985","116923073"
"986","116923075"
"987","116923081"
"988","116923086"
"989","116923089"
"990","116923090"
"991","116923105"
"992","116923107"
"993","116923156"
"994","116923170"
"995","116923177"
"996","116923178"
"997","116923188"
"998","116923197"
"999","116923199"
"1000","116923219"
"1001","116923236"
"1002","116923253"
"1003","116923277"
"1004","116923295"
"1005","116923299"
"1006","116923312"
"1007","116923355"
"1008","116923372"
"1009","116923394"
"1010","116923399"
"1011","116923404"
"1012","116923410"
"1013","116923411"
"1014","116923412"
"1015","116923430"
"1016","116923445"
"1017","116923446"
"1018","116923447"
"1019","116923452"
"1020","116923458"
"1021","116923465"
"1022","116923472"
"1023","116923475"
"1024","116923477"
"1025","116923485"
"1026","116923491"
"1027","116923494"
"1028","116923496"
"1029","116923504"
"1030","116923507"
"1031","116923516"
"1032","116923524"
"1033","116923527"
"1034","116923537"
"1035","116923538"
"1036","116923540"
"1037","116923585"
"1038","116923626"
"1039","116923638"
"1040","116923641"
"1041","116923647"
"1042","116923659"
"1043","116923662"
"1044","116923663"
"1045","116923679"
"1046","116923695"
"1047","116923697"
"1048","116923703"
"1049","116923706"
"1050","116923708"
"1051","116923712"
"1052","116923722"
"1053","116923724"
"1054","116923726"
"1055","116923731"
"1056","116923733"
"1057","116923734"
"1058","116923741"
"1059","116923745"
"1060","116923746"
"1061","116923749"
"1062","116923753"
"1063","116923754"
"1064","116923759"
"1065","116923761"
"1066","116923769"
"1067","116923772"
"1068","116923791"
"1069","116923798"
"1070","116923799"
"1071","116923800"
"1072","116923801"
"1073","116923809"
"1074","116923818"
"1075","116923819"
"1076","116923823"
"1077","116923824"
"1078","116923831"
"1079","116923839"
"1080","116923851"
"1081","116923854"
"1082","116923912"
"1083","116923933"
"1084","116923952"
"1085","116923956"
"1086","116923957"
"1087","116923958"
"1088","116923990"
"1089","116923991"
"1090","116923996"
"1091","116924004"
"1092","116924008"
"1093","116924010"
"1094","116924011"
"1095","116924018"
"1096","116924019"
"1097","116924024"
"1098","116924028"
"1099","116924030"
"1100","116924033"
"1101","116924048"
"1102","116924049"
"1103","116924051"
"1104","116924053"
"1105","116924056"
"1106","116924058"
"1107","116924075"
"1108","116924076"
"1109","116924078"
"1110","116924085"
"1111","116924103"
"1112","116924201"
"1113","116924226"
"1114","116924233"
"1115","116924235"
"1116","116924238"
"1117","116924244"
"1118","116924254"
"1119","116924262"
"1120","116924263"
"1121","116924292"
"1122","116924295"
"1123","116924305"
"1124","116924311"
"1125","116924324"
"1126","116924325"
"1127","116924339"
"1128","116924353"
"1129","116924358"
"1130","116924361"
"1131","116924362"
"1132","116924365"
"1133","116924366"
"1134","116924376"
"1135","116924377"
"1136","116924412"
"1137","116924424"
"1138","116924429"
"1139","116924431"
"1140","116924433"
"1141","116924464"
"1142","116924492"
"1143","116924498"
"1144","116924501"
"1145","116924502"
"1146","116924506"
"1147","116924515"
"1148","116924522"
"1149","116924588"
"1150","116924590"
"1151","116924592"
"1152","116924596"
"1153","116924597"
"1154","116924599"
"1155","116924600"
"1156","116924607"
"1157","116924613"
"1158","116924623"
"1159","116924624"
"1160","116924626"
"1161","116924643"
"1162","116924646"
"1163","116924651"
"1164","116924656"
"1165","116924681"
"1166","116924691"
"1167","116924698"
"1168","116924703"
"1169","116924714"
"1170","116924715"
"1171","116924732"
"1172","116924740"
"1173","116924759"
"1174","116924760"
"1175","116924761"
"1176","116924765"
"1177","116924766"
"1178","116924768"
"1179","116924783"
"1180","116924785"
"1181","116924786"
"1182","116924797"
"1183","116924806"
"1184","116924810"
"1185","116924823"
"1186","116924825"
"1187","116924833"
"1188","116924846"
"1189","116924853"
"1190","116924862"
"1191","116924867"
"1192","116924882"
"1193","116924897"
"1194","116924901"
"1195","116924902"
"1196","116924906"
"1197","116924912"
"1198","116924915"
"1199","116924923"
"1200","116924936"
"1201","116924945"
"1202","116924947"
"1203","116924952"
"1204","116924953"
"1205","116924968"
"1206","116924979"
"1207","116925005"
"1208","116925006"
"1209","116925026"
"1210","116925029"
"1211","116925056"
"1212","116925062"
"1213","116925066"
"1214","116925076"
"1215","116925077"
"1216","116925101"
"1217","116925105"
"1218","116925111"
"1219","116925121"
"1220","116925123"
"1221","116925124"
"1222","116925128"
"1223","116925132"
"1224","116925133"
"1225","116925135"
"1226","116925137"
"1227","116925156"
"1228","116925168"
"1229","116925179"
"1230","116925183"
"1231","116925192"
"1232","116925196"
"1233","116925198"
"1234","116925200"
"1235","116925222"
"1236","116925233"
"1237","116925240"
"1238","116925258"
"1239","116925277"
"1240","116925278"
"1241","116925281"
"1242","116925290"
"1243","116925292"
"1244","116925295"
"1245","116925298"
"1246","116925303"
"1247","116925304"
"1248","116925312"
"1249","116925313"
"1250","116925342"
"1251","116925369"
"1252","116925370"
"1253","116925379"
"1254","116925384"
"1255","116925386"
"1256","116925387"
"1257","116925390"
"1258","116925392"
"1259","116925398"
"1260","116925413"
"1261","116925423"
"1262","116925426"
"1263","116925428"
"1264","116925433"
"1265","116925443"
"1266","116925461"
"1267","116925467"
"1268","116925471"
"1269","116925474"
"1270","116925476"
"1271","116925477"
"1272","116925497"
"1273","116925502"
"1274","116925513"
"1275","116925529"
"1276","116925538"
"1277","116925539"
"1278","116925545"
"1279","116925546"
"1280","116925548"
"1281","116925552"
"1282","116925556"
"1283","116925561"
"1284","116925574"
"1285","116925577"
"1286","116925578"
"1287","116925583"
"1288","116925584"
"1289","116925608"
"1290","116925614"
"1291","116925618"
"1292","116925623"
"1293","116925635"
"1294","116925643"
"1295","116925661"
"1296","116925662"
"1297","116925663"
"1298","116925666"
"1299","116925668"
"1300","116925686"
"1301","116925692"
"1302","116925703"
"1303","116925705"
"1304","116925709"
"1305","116925717"
"1306","116925719"
"1307","116925721"
"1308","116925728"
"1309","116925730"
"1310","116925731"
"1311","116925732"
"1312","116925736"
"1313","116925737"
"1314","116925742"
"1315","116925744"
"1316","116925746"
"1317","116925749"
"1318","116925752"
"1319","116925753"
"1320","116925757"
"1321","116925763"
"1322","116925774"
"1323","116925776"
"1324","116925778"
"1325","116925782"
"1326","116925785"
"1327","116925806"
"1328","116925836"
"1329","116925845"
"1330","116925862"
"1331","116925865"
"1332","116925873"
"1333","116925874"
"1334","116925897"
"1335","116925907"
"1336","116925928"
"1337","116925935"
"1338","116925939"
"1339","116925940"
"1340","116925941"
"1341","116925943"
"1342","116925946"
"1343","116925952"
"1344","116925953"
"1345","116925959"
"1346","116925994"
"1347","116925995"
"1348","116926003"
"1349","116926010"
"1350","116926013"
"1351","116926021"
"1352","116926022"
"1353","116926024"
"1354","116926025"
"1355","116926027"
"1356","116926029"
"1357","116926044"
"1358","116926048"
"1359","116926049"
"1360","116926051"
"1361","116926063"
"1362","116926068"
"1363","116926080"
"1364","116926104"
"1365","116926128"
"1366","116926132"
"1367","116926134"
"1368","116926142"
"1369","116926164"
"1370","116926181"
"1371","116926190"
"1372","116926201"
"1373","116926203"
"1374","116926207"
"1375","116926213"
"1376","116926236"
"1377","116926238"
"1378","116926241"
"1379","116926247"
"1380","116926248"
"1381","116926251"
"1382","116926252"
"1383","116926265"
"1384","116926273"
"1385","116926274"
"1386","116926277"
"1387","116926278"
"1388","116926294"
"1389","116926297"
"1390","116926303"
"1391","116926305"
"1392","116926306"
"1393","116926314"
"1394","116926333"
"1395","116926339"
"1396","116926344"
"1397","116926347"
"1398","116926351"
"1399","116926356"
"1400","116926368"
"1401","116926369"
"1402","116926384"
"1403","116926387"
"1404","116926388"
"1405","116926390"
"1406","116926392"
"1407","116926402"
"1408","116926403"
"1409","116926411"
"1410","116926412"
"1411","116926420"
"1412","116926424"
"1413","116926432"
"1414","116926443"
"1415","116926446"
"1416","116926465"
"1417","116926471"
"1418","116926479"
"1419","116926483"
"1420","116926503"
"1421","116926509"
"1422","116926523"
"1423","116926528"
"1424","116926532"
"1425","116926536"
"1426","116926538"
"1427","116926539"
"1428","116926559"
"1429","116926562"
"1430","116926564"
"1431","116926575"
"1432","116926585"
"1433","116926594"
"1434","116926597"
"1435","116926630"
"1436","116926634"
"1437","116926635"
"1438","116926636"
"1439","116926645"
"1440","116926646"
"1441","116926647"
"1442","116926648"
"1443","116926649"
"1444","116926651"
"1445","116926654"
"1446","116926656"
"1447","116926663"
"1448","116926669"
"1449","116926673"
"1450","116926680"
"1451","116926709"
"1452","116926715"
"1453","116926732"
"1454","116926736"
"1455","116926756"
"1456","116926763"
"1457","116926777"
"1458","116926784"
"1459","116926787"
"1460","116926797"
"1461","116926816"
"1462","116926826"
"1463","116926829"
"1464","116926830"
"1465","116926831"
"1466","116926837"
"1467","116926843"
"1468","116926846"
"1469","116926859"
"1470","116926869"
"1471","116926879"
"1472","116926896"
"1473","116926899"
"1474","116926900"
"1475","116926903"
"1476","116926909"
"1477","116926978"
"1478","116926990"
"1479","116926993"
"1480","116927014"
"1481","116927015"
"1482","116927017"
"1483","116927019"
"1484","116927020"
"1485","116927022"
"1486","116927027"
"1487","116927036"
"1488","116927039"
"1489","116927043"
"1490","116927046"
"1491","116927052"
"1492","116927062"
"1493","116927063"
"1494","116927065"
"1495","116927070"
"1496","116927071"
"1497","116927074"
"1498","116927088"
"1499","116927093"
"1500","116927095"
"1501","116927097"
"1502","116927098"
"1503","116927099"
"1504","116927110"
"1505","116927113"
"1506","116927116"
"1507","116927123"
"1508","116927149"
"1509","116927150"
"1510","116927154"
"1511","116927155"
"1512","116927161"
"1513","116927166"
"1514","116927171"
"1515","116927177"
"1516","116927178"
"1517","116927182"
"1518","116927188"
"1519","116927189"
"1520","116927193"
"1521","116927194"
"1522","116927195"
"1523","116927201"
"1524","116927204"
"1525","116927208"
"1526","116927211"
"1527","116927213"
"1528","116927221"
"1529","116927227"
"1530","116927232"
"1531","116927235"
"1532","116927237"
"1533","116927241"
"1534","116927242"
"1535","116927253"
"1536","116927254"
"1537","116927255"
"1538","116927257"
"1539","116927266"
"1540","116927270"
"1541","116927271"
"1542","116927279"
"1543","116927289"
"1544","116927303"
"1545","116927304"
"1546","116927330"
"1547","116927332"
"1548","116927335"
"1549","116927336"
"1550","116927338"
"1551","116927339"
"1552","116927340"
"1553","116927361"
"1554","116927367"
"1555","116927370"
"1556","116927375"
"1557","116927378"
"1558","116927380"
"1559","116927384"
"1560","116927390"
"1561","116927392"
"1562","116927397"
"1563","116927399"
"1564","116927402"
"1565","116927404"
"1566","116927412"
"1567","116927421"
"1568","116927425"
"1569","116927433"
"1570","116927436"
"1571","116927437"
"1572","116927440"
"1573","116927446"
"1574","116927449"
"1575","116927453"
"1576","116927467"
"1577","116927469"
"1578","116927471"
"1579","116927481"
"1580","116927482"
"1581","116927484"
"1582","116927553"
"1583","116927571"
"1584","116927601"
"1585","116927624"
"1586","116927661"
"1587","116927667"
"1588","116927677"
"1589","116927712"
"1590","116927735"
"1591","116927741"
"1592","116927747"
"1593","116927748"
"1594","116927749"
"1595","116927758"
"1596","116927759"
"1597","116927763"
"1598","116927768"
"1599","116927769"
"1600","116927773"
"1601","116927779"
"1602","116927782"
"1603","116927819"
"1604","116927821"
"1605","116927822"
"1606","116927826"
"1607","116927838"
"1608","116927846"
"1609","116927868"
"1610","116927870"
"1611","116927871"
"1612","116927875"
"1613","116927882"
"1614","116927884"
"1615","116927888"
"1616","116927890"
"1617","116927891"
"1618","116927897"
"1619","116927907"
"1620","116927911"
"1621","116927913"
"1622","116927914"
"1623","116927919"
"1624","116927922"
"1625","116927925"
"1626","116927926"
"1627","116927928"
"1628","116927938"
"1629","116927943"
"1630","116927944"
"1631","116927946"
"1632","116927949"
"1633","116927955"
"1634","116927970"
"1635","116927996"
"1636","116928004"
"1637","116928015"
"1638","116928018"
"1639","116928019"
"1640","116928032"
"1641","116928044"
"1642","116928045"
"1643","116928047"
"1644","116928056"
"1645","116928071"
"1646","116928072"
"1647","116928078"
"1648","116928089"
"1649","116928090"
"1650","116928092"
"1651","116928095"
"1652","116928097"
"1653","116928102"
"1654","116928115"
"1655","116928120"
"1656","116928152"
"1657","116928162"
"1658","116928166"
"1659","116928168"
"1660","116928247"
"1661","116928255"
"1662","116928258"
"1663","116928263"
"1664","116928271"
"1665","116928294"
"1666","116928304"
"1667","116928311"
"1668","116928316"
"1669","116928321"
"1670","116928342"
"1671","116928346"
"1672","116928347"
"1673","116928354"
"1674","116928360"
"1675","116928361"
"1676","116928363"
"1677","116928368"
"1678","116928375"
"1679","116928377"
"1680","116928379"
"1681","116928382"
"1682","116928389"
"1683","116928409"
"1684","116928438"
"1685","116928439"
"1686","116928450"
"1687","116928451"
"1688","116928461"
"1689","116928466"
"1690","116928474"
"1691","116928483"
"1692","116928491"
"1693","116928506"
"1694","116928513"
"1695","116928514"
"1696","116928520"
"1697","116928523"
"1698","116928524"
"1699","116928531"
"1700","116928536"
"1701","116928543"
"1702","116928548"
"1703","116928564"
"1704","116928572"
"1705","116928591"
"1706","116928593"
"1707","116928620"
"1708","116928623"
"1709","116928631"
"1710","116928664"
"1711","116928737"
"1712","116928748"
"1713","116928761"
"1714","116928796"
"1715","116928798"
"1716","116928808"
"1717","116928810"
"1718","116928812"
"1719","116928833"
"1720","116928834"
"1721","116928835"
"1722","116928837"
"1723","116928854"
"1724","116928856"
"1725","116928871"
"1726","116928873"
"1727","116928887"
"1728","116928892"
"1729","116928894"
"1730","116928908"
"1731","116928909"
"1732","116928912"
"1733","116928923"
"1734","116928929"
"1735","116928937"
"1736","116928942"
"1737","116928944"
"1738","116928949"
"1739","116928961"
"1740","116928964"
"1741","116928980"
"1742","116928981"
"1743","116928982"
"1744","116928990"
"1745","116928994"
"1746","116929005"
"1747","116929007"
"1748","116929016"
"1749","116929017"
"1750","116929024"
"1751","116929026"
"1752","116929029"
"1753","116929033"
"1754","116929041"
"1755","116929043"
"1756","116929046"
"1757","116929047"
"1758","116929051"
"1759","116929066"
"1760","116929069"
"1761","116929082"
"1762","116929083"
"1763","116929084"
"1764","116929086"
"1765","116929091"
"1766","116929092"
"1767","116929095"
"1768","116929101"
"1769","116929108"
"1770","116929124"
"1771","116929131"
"1772","116929133"
"1773","116929144"
"1774","116929145"
"1775","116929150"
"1776","116929152"
"1777","116929153"
"1778","116929155"
"1779","116929156"
"1780","116929157"
"1781","116929158"
"1782","116929166"
"1783","116929167"
"1784","116929175"
"1785","116929177"
"1786","116929191"
"1787","116929193"
"1788","116929194"
"1789","116929195"
"1790","116929196"
"1791","116929204"
"1792","116929211"
"1793","116929212"
"1794","116929225"
"1795","116929232"
"1796","116929247"
"1797","116929254"
"1798","116929272"
"1799","116929281"
"1800","116929286"
"1801","116929293"
"1802","116929295"
"1803","116929300"
"1804","116929306"
"1805","116929311"
"1806","116929315"
"1807","116929316"
"1808","116929319"
"1809","116929326"
"1810","116929327"
"1811","116929328"
"1812","116929335"
"1813","116929338"
"1814","116929344"
"1815","116929346"
"1816","116929348"
"1817","116929350"
"1818","116929374"
"1819","116929376"
"1820","116929381"
"1821","116929386"
"1822","116929392"
"1823","116929394"
"1824","116929402"
"1825","116929417"
"1826","116929431"
"1827","116929435"
"1828","116929439"
"1829","116929440"
"1830","116929452"
"1831","116929456"
"1832","116929472"
"1833","116929480"
"1834","116929481"
"1835","116929484"
"1836","116929495"
"1837","116929503"
"1838","116929531"
"1839","116929534"
"1840","116929538"
"1841","116929540"
"1842","116929541"
"1843","116929545"
"1844","116929546"
"1845","116929577"
"1846","116929581"
"1847","116929592"
"1848","116929594"
"1849","116929600"
"1850","116929612"
"1851","116929620"
"1852","116929627"
"1853","116929632"
"1854","116929635"
"1855","116929648"
"1856","116929655"
"1857","116929656"
"1858","116929675"
"1859","116929679"
"1860","116929687"
"1861","116929690"
"1862","116929692"
"1863","116929708"
"1864","116929711"
"1865","116929715"
"1866","116929716"
"1867","116929717"
"1868","116929718"
"1869","116929721"
"1870","116929739"
"1871","116929742"
"1872","116929750"
"1873","116929753"
"1874","116929764"
"1875","116929766"
"1876","116929800"
"1877","116929808"
"1878","116929817"
"1879","116929825"
"1880","116929826"
"1881","116929828"
"1882","116929837"
"1883","116929838"
"1884","116929839"
"1885","116929844"
"1886","116929846"
"1887","116929847"
"1888","116929867"
"1889","116929886"
"1890","116929934"
"1891","116929935"
"1892","116929940"
"1893","116929945"
"1894","116929953"
"1895","116929961"
"1896","116929963"
"1897","116929984"
"1898","116929991"
"1899","116929992"
"1900","116929995"
"1901","116930007"
"1902","116930021"
"1903","116930028"
"1904","116930031"
"1905","116930056"
"1906","116930063"
"1907","116930068"
"1908","116930071"
"1909","116930076"
"1910","116930081"
"1911","116930094"
"1912","116930101"
"1913","116930112"
"1914","116930127"
"1915","116930136"
"1916","116930137"
"1917","116930151"
"1918","116930159"
"1919","116930188"
"1920","116930190"
"1921","116930195"
"1922","116930210"
"1923","116930213"
"1924","116930216"
"1925","116930219"
"1926","116930223"
"1927","116930236"
"1928","116930240"
"1929","116930251"
"1930","116930252"
"1931","116930264"
"1932","116930284"
"1933","116930292"
"1934","116930296"
"1935","116930297"
"1936","116930309"
"1937","116930313"
"1938","116930314"
"1939","116930316"
"1940","116930321"
"1941","116930322"
"1942","116930323"
"1943","116930324"
"1944","116930325"
"1945","116930326"
"1946","116930327"
"1947","116930329"
"1948","116930331"
"1949","116930344"
"1950","116930346"
"1951","116930354"
"1952","116930362"
"1953","116930366"
"1954","116930374"
"1955","116930378"
"1956","116930398"
"1957","116930404"
"1958","116930435"
"1959","116930440"
"1960","116930449"
"1961","116930489"
"1962","116930520"
"1963","116930544"
"1964","116930545"
"1965","116930570"
"1966","116930572"
"1967","116930606"
"1968","116930619"
"1969","116930625"
"1970","116930628"
"1971","116930632"
"1972","116930636"
"1973","116930648"
"1974","116930651"
"1975","116930662"
"1976","116930668"
"1977","116930675"
"1978","116930678"
"1979","116930688"
"1980","116930695"
"1981","116930705"
"1982","116930716"
"1983","116930729"
"1984","116930731"
"1985","116930743"
"1986","116930745"
"1987","116930746"
"1988","116930752"
"1989","116930754"
"1990","116930805"
"1991","116930812"
"1992","116930813"
"1993","116930814"
"1994","116930836"
"1995","116930841"
"1996","116930845"
"1997","116930860"
"1998","116930862"
"1999","116930878"
"2000","116930886"
"2001","116930889"
"2002","116930911"
"2003","116930930"
"2004","116930938"
"2005","116930946"
"2006","116930949"
"2007","116930960"
"2008","116930969"
"2009","116930970"
"2010","116930983"
"2011","116930997"
"2012","116931005"
"2013","116931020"
"2014","116931032"
"2015","116931039"
"2016","116931051"
"2017","116931058"
"2018","116931086"
"2019","116931087"
"2020","116931093"
"2021","116931094"
"2022","116931110"
"2023","116931111"
"2024","116931123"
"2025","116931124"
"2026","116931127"
"2027","116931135"
"2028","116931161"
"2029","116931165"
"2030","116931176"
"2031","116931182"
"2032","116931185"
"2033","116931186"
"2034","116931189"
"2035","116931192"
"2036","116931205"
"2037","116931206"
"2038","116931207"
"2039","116931232"
"2040","116931237"
"2041","116931247"
"2042","116931251"
"2043","116931262"
"2044","116931275"
"2045","116931277"
"2046","116931288"
"2047","116931343"
"2048","116931345"
"2049","116931346"
"2050","116931359"
"2051","116931366"
"2052","116931367"
"2053","116931375"
"2054","116931377"
"2055","116931378"
"2056","116931381"
"2057","116931382"
"2058","116931394"
"2059","116931397"
"2060","116931403"
"2061","116931406"
"2062","116931429"
"2063","116931430"
"2064","116931441"
"2065","116931457"
"2066","116931463"
"2067","116931520"
"2068","116931530"
"2069","116931531"
"2070","116931532"
"2071","116931534"
"2072","116931535"
"2073","116931539"
"2074","116931542"
"2075","116931556"
"2076","116931557"
"2077","116931559"
"2078","116931568"
"2079","116931569"
"2080","116931576"
"2081","116931581"
"2082","116931583"
"2083","116931586"
"2084","116931587"
"2085","116931588"
"2086","116931591"
"2087","116931592"
"2088","116931595"
"2089","116931596"
"2090","116931597"
"2091","116931602"
"2092","116931605"
"2093","116931646"
"2094","116931650"
"2095","116931658"
"2096","116931673"
"2097","116931679"
"2098","116931687"
"2099","116931704"
"2100","116931716"
"2101","116931725"
"2102","116931741"
"2103","116931752"
"2104","116931754"
"2105","116931757"
"2106","116931759"
"2107","116931778"
"2108","116931815"
"2109","116931819"
"2110","116931822"
"2111","116931824"
"2112","116931840"
"2113","116931844"
"2114","116931878"
"2115","116931889"
"2116","116931894"
"2117","116931897"
"2118","116931898"
"2119","116931906"
"2120","116931909"
"2121","116931921"
"2122","116931925"
"2123","116931951"
"2124","116931955"
"2125","116931965"
"2126","116931983"
"2127","116931988"
"2128","116931990"
"2129","116931992"
"2130","116931996"
"2131","116932013"
"2132","116932014"
"2133","116932015"
"2134","116932017"
"2135","116932022"
"2136","116932030"
"2137","116932034"
"2138","116932037"
"2139","116932040"
"2140","116932045"
"2141","116932049"
"2142","116932055"
"2143","116932064"
"2144","116932087"
"2145","116932097"
"2146","116932101"
"2147","116932112"
"2148","116932113"
"2149","116932122"
"2150","116932125"
"2151","116932126"
"2152","116932132"
"2153","116932134"
"2154","116932139"
"2155","116932142"
"2156","116932163"
"2157","116932168"
"2158","116932174"
"2159","116932187"
"2160","116932188"
"2161","116932191"
"2162","116932198"
"2163","116932204"
"2164","116932228"
"2165","116932239"
"2166","116932259"
"2167","116932270"
"2168","116932277"
"2169","116932289"
"2170","116932293"
"2171","116932298"
"2172","116932310"
"2173","116932312"
"2174","116932314"
"2175","116932315"
"2176","116932326"
"2177","116932329"
"2178","116932332"
"2179","116932336"
"2180","116932343"
"2181","116932345"
"2182","116932346"
"2183","116932347"
"2184","116932353"
"2185","116932356"
"2186","116932358"
"2187","116932366"
"2188","116932373"
"2189","116932376"
"2190","116932379"
"2191","116932391"
"2192","116932392"
"2193","116932403"
"2194","116932404"
"2195","116932414"
"2196","116932443"
"2197","116932521"
"2198","116932532"
"2199","116932539"
"2200","116932543"
"2201","116932552"
"2202","116932553"
"2203","116932563"
"2204","116932571"
"2205","116932593"
"2206","116932600"
"2207","116932605"
"2208","116932607"
"2209","116932610"
"2210","116932614"
"2211","116932615"
"2212","116932626"
"2213","116932628"
"2214","116932649"
"2215","116932655"
"2216","116932657"
"2217","116932659"
"2218","116932675"
"2219","116932688"
"2220","116932689"
"2221","116932696"
"2222","116932701"
"2223","116932716"
"2224","116932763"
"2225","116932764"
"2226","116932765"
"2227","116932768"
"2228","116932769"
"2229","116932770"
"2230","116932786"
"2231","116932790"
"2232","116932791"
"2233","116932794"
"2234","116932798"
"2235","116932801"
"2236","116932816"
"2237","116932838"
"2238","116932843"
"2239","116932847"
"2240","116932849"
"2241","116932857"
"2242","116932869"
"2243","116932886"
"2244","116932897"
"2245","116932914"
"2246","116932936"
"2247","116932939"
"2248","116932960"
"2249","116932966"
"2250","116932977"
"2251","116932979"
"2252","116932992"
"2253","116932994"
"2254","116932997"
"2255","116933000"
"2256","116933008"
"2257","116933014"
"2258","116933024"
"2259","116933027"
"2260","116933028"
"2261","116933043"
"2262","116933058"
"2263","116933062"
"2264","116933111"
"2265","116933119"
"2266","116933123"
"2267","116933126"
"2268","116933127"
"2269","116933144"
"2270","116933154"
"2271","116933173"
"2272","116933205"
"2273","116933229"
"2274","116933236"
"2275","116933237"
"2276","116933254"
"2277","116933267"
"2278","116933279"
"2279","116933302"
"2280","116933320"
"2281","116933321"
"2282","116933338"
"2283","116933363"
"2284","116933377"
"2285","116933380"
"2286","116933382"
"2287","116933406"
"2288","116933407"
"2289","116933411"
"2290","116933421"
"2291","116933436"
"2292","116933457"
"2293","116933461"
"2294","116933491"
"2295","116933496"
"2296","116933498"
"2297","116933504"
"2298","116933506"
"2299","116933507"
"2300","116933536"
"2301","116933542"
"2302","116933554"
"2303","116933590"
"2304","116933593"
"2305","116933597"
"2306","116933610"
"2307","116933621"
"2308","116933625"
"2309","116933630"
"2310","116933631"
"2311","116933682"
"2312","116933683"
"2313","116933702"
"2314","116933752"
"2315","116933760"
"2316","116933761"
"2317","116933777"
"2318","116933805"
"2319","116933809"
"2320","116933810"
"2321","116933811"
"2322","116933819"
"2323","116933862"
"2324","116933863"
"2325","116933883"
"2326","116933899"
"2327","116933900"
"2328","116933915"
"2329","116933921"
"2330","116933925"
"2331","116933930"
"2332","116933933"
"2333","116933951"
"2334","116933953"
"2335","116933964"
"2336","116933978"
"2337","116933989"
"2338","116933993"
"2339","116933994"
"2340","116933999"
"2341","116934015"
"2342","116934033"
"2343","116934046"
"2344","116934047"
"2345","116934060"
"2346","116934062"
"2347","116934066"
"2348","116934070"
"2349","116934086"
"2350","116934094"
"2351","116934104"
"2352","116934117"
"2353","116934129"
"2354","116934154"
"2355","116934156"
"2356","116934177"
"2357","116934178"
"2358","116934181"
"2359","116934182"
"2360","116934185"
"2361","116934186"
"2362","116934194"
"2363","116934197"
"2364","116934211"
"2365","116934216"
"2366","116934229"
"2367","116934248"
"2368","116934258"
"2369","116934265"
"2370","116934266"
"2371","116934267"
"2372","116934275"
"2373","116934276"
"2374","116934283"
"2375","116934288"
"2376","116934289"
"2377","116934298"
"2378","116934304"
"2379","116934305"
"2380","116934308"
"2381","116934323"
"2382","116934328"
"2383","116934335"
"2384","116934336"
"2385","116934339"
"2386","116934345"
"2387","116934347"
"2388","116934356"
"2389","116934357"
"2390","116934358"
"2391","116934366"
"2392","116934370"
"2393","116934387"
"2394","116934394"
"2395","116934399"
"2396","116934404"
"2397","116934413"
"2398","116934417"
"2399","116934421"
"2400","116934442"
"2401","116934477"
"2402","116934486"
"2403","116934487"
"2404","116934496"
"2405","116934497"
"2406","116934555"
"2407","116934568"
"2408","116934581"
"2409","116934597"
"2410","116934612"
"2411","116934637"
"2412","116934654"
"2413","116934658"
"2414","116934677"
"2415","116934692"
"2416","116934705"
"2417","116934716"
"2418","116934720"
"2419","116934731"
"2420","116934742"
"2421","116934748"
"2422","116934756"
"2423","116934792"
"2424","116934801"
"2425","116934814"
"2426","116934826"
"2427","116934831"
"2428","116934835"
"2429","116934837"
"2430","116934838"
"2431","116934852"
"2432","116934854"
"2433","116934863"
"2434","116934888"
"2435","116934899"
"2436","116934962"
"2437","116934980"
"2438","116934985"
"2439","116934989"
"2440","116935003"
"2441","116935009"
"2442","116935011"
"2443","116935031"
"2444","116935033"
"2445","116935053"
"2446","116935069"
"2447","116935072"
"2448","116935074"
"2449","116935075"
"2450","116935076"
"2451","116935078"
"2452","116935081"
"2453","116935111"
"2454","116935113"
"2455","116935135"
"2456","116935139"
"2457","116935189"
"2458","116935215"
"2459","116935219"
"2460","116935220"
"2461","116935222"
"2462","116935232"
"2463","116935238"
"2464","116935242"
"2465","116935247"
"2466","116935253"
"2467","116935254"
"2468","116935268"
"2469","116935274"
"2470","116935275"
"2471","116935277"
"2472","116935285"
"2473","116935295"
"2474","116935307"
"2475","116935309"
"2476","116935313"
"2477","116935319"
"2478","116935329"
"2479","116935332"
"2480","116935344"
"2481","116935346"
"2482","116935347"
"2483","116935348"
"2484","116935351"
"2485","116935357"
"2486","116935368"
"2487","116935401"
"2488","116935420"
"2489","116935432"
"2490","116935471"
"2491","116935538"
"2492","116935604"
"2493","116935638"
"2494","116935647"
"2495","116935653"
"2496","116935694"
"2497","116935709"
"2498","116935722"
"2499","116935738"
"2500","116935753"
"2501","116935797"
"2502","116935895"
"2503","116935912"
"2504","116935917"
"2505","116935940"
"2506","116935949"
"2507","116935974"
"2508","116936030"
"2509","116936034"
"2510","116936036"
"2511","116936041"
"2512","116936050"
"2513","116936073"
"2514","116936078"
"2515","116936083"
"2516","116936084"
"2517","116936108"
"2518","116936122"
"2519","116936125"
"2520","116936136"
"2521","116936138"
"2522","116936140"
"2523","116936154"
"2524","116936177"
"2525","116936196"
"2526","116936210"
"2527","116936216"
"2528","116936234"
"2529","116936259"
"2530","116936271"
"2531","116936283"
"2532","116936292"
"2533","116936296"
"2534","116936301"
"2535","116936314"
"2536","116936326"
"2537","116936333"
"2538","116936342"
"2539","116936359"
"2540","116936363"
"2541","116936369"
"2542","116936370"
"2543","116936379"
"2544","116936394"
"2545","116936399"
"2546","116936412"
"2547","116936414"
"2548","116936421"
"2549","116936425"
"2550","116936434"
"2551","116936453"
"2552","116936479"
"2553","116936481"
"2554","116936499"
"2555","116936507"
"2556","116936513"
"2557","116936516"
"2558","116936520"
"2559","116936531"
"2560","116936548"
"2561","116936558"
"2562","116936560"
"2563","116936563"
"2564","116936575"
"2565","116936584"
"2566","116936585"
"2567","116936598"
"2568","116936602"
"2569","116936615"
"2570","116936616"
"2571","116936631"
"2572","116936636"
"2573","116936642"
"2574","116936657"
"2575","116936659"
"2576","116936660"
"2577","116936663"
"2578","116936667"
"2579","116936683"
"2580","116936749"
"2581","116936750"
"2582","116936752"
"2583","116936799"
"2584","24147189"
"2585","24147190"
"2586","24147209"
"2587","24147219"
"2588","24147220"
