"","sig_genes_padj_lmdme"
"1","116915384"
"2","116915401"
"3","116915426"
"4","116915450"
"5","116915452"
"6","116915509"
"7","116915534"
"8","116915536"
"9","116915537"
"10","116915538"
"11","116915614"
"12","116915733"
"13","116915754"
"14","116915846"
"15","116915861"
"16","116916053"
"17","116916224"
"18","116916283"
"19","116916360"
"20","116916480"
"21","116916606"
"22","116917038"
"23","116917087"
"24","116917096"
"25","116917140"
"26","116917299"
"27","116917316"
"28","116917374"
"29","116917384"
"30","116917448"
"31","116917503"
"32","116917587"
"33","116917596"
"34","116917931"
"35","116918147"
"36","116918337"
"37","116918357"
"38","116918480"
"39","116918523"
"40","116918702"
"41","116918715"
"42","116918759"
"43","116918781"
"44","116918846"
"45","116918898"
"46","116919134"
"47","116919236"
"48","116919295"
"49","116919411"
"50","116919446"
"51","116919483"
"52","116919640"
"53","116919752"
"54","116919815"
"55","116919847"
"56","116919936"
"57","116920075"
"58","116920200"
"59","116920335"
"60","116920358"
"61","116920368"
"62","116920434"
"63","116920540"
"64","116920543"
"65","116920755"
"66","116920824"
"67","116920928"
"68","116920929"
"69","116920930"
"70","116920931"
"71","116920933"
"72","116921020"
"73","116921073"
"74","116921085"
"75","116921093"
"76","116921110"
"77","116921344"
"78","116921476"
"79","116921485"
"80","116921500"
"81","116921503"
"82","116921636"
"83","116921716"
"84","116921999"
"85","116922010"
"86","116922042"
"87","116922177"
"88","116922183"
"89","116922194"
"90","116922449"
"91","116922478"
"92","116922548"
"93","116922549"
"94","116922778"
"95","116922829"
"96","116922950"
"97","116922988"
"98","116923059"
"99","116923178"
"100","116923219"
"101","116923299"
"102","116923430"
"103","116923540"
"104","116923679"
"105","116923708"
"106","116924010"
"107","116924028"
"108","116924053"
"109","116924058"
"110","116924365"
"111","116924412"
"112","116924588"
"113","116924600"
"114","116924901"
"115","116924906"
"116","116924947"
"117","116925183"
"118","116925342"
"119","116925370"
"120","116925471"
"121","116925538"
"122","116925668"
"123","116925705"
"124","116925717"
"125","116925730"
"126","116925836"
"127","116925935"
"128","116925940"
"129","116926022"
"130","116926044"
"131","116926265"
"132","116926305"
"133","116926306"
"134","116926465"
"135","116926585"
"136","116926645"
"137","116926651"
"138","116926763"
"139","116926777"
"140","116927027"
"141","116927095"
"142","116927154"
"143","116927208"
"144","116927235"
"145","116927330"
"146","116927338"
"147","116927339"
"148","116927340"
"149","116927361"
"150","116927404"
"151","116927453"
"152","116927469"
"153","116927482"
"154","116927819"
"155","116927888"
"156","116927949"
"157","116927996"
"158","116928015"
"159","116928019"
"160","116928072"
"161","116928166"
"162","116928439"
"163","116928523"
"164","116928564"
"165","116928835"
"166","116929047"
"167","116929086"
"168","116929191"
"169","116929194"
"170","116929316"
"171","116929376"
"172","116929577"
"173","116929581"
"174","116929716"
"175","116929750"
"176","116929963"
"177","116929992"
"178","116929995"
"179","116930136"
"180","116930216"
"181","116930219"
"182","116930223"
"183","116930570"
"184","116930636"
"185","116930688"
"186","116930745"
"187","116930813"
"188","116930930"
"189","116931277"
"190","116931288"
"191","116931367"
"192","116931382"
"193","116931569"
"194","116931597"
"195","116931679"
"196","116931894"
"197","116932022"
"198","116932239"
"199","116932310"
"200","116932332"
"201","116932403"
"202","116932593"
"203","116932626"
"204","116932763"
"205","116932960"
"206","116933008"
"207","116933236"
"208","116933421"
"209","116933951"
"210","116933953"
"211","116934186"
"212","116934265"
"213","116934276"
"214","116934356"
"215","116934496"
"216","116934888"
"217","116934989"
"218","116935053"
"219","116935078"
"220","116935081"
"221","116935247"
"222","116935274"
"223","116935295"
"224","116935344"
"225","116936041"
"226","116936363"
"227","116936370"
"228","116936425"
"229","116936513"
"230","116936531"
"231","116936749"
"232","116936799"
